YEAR,TEAMID,TEAMNAME,NICKNAME,ABBREVIATION,CONFERENCE,DIVISION,CITY,PRIMARYRED,PRIMARYGREEN,PRIMARYBLUE,SECONDARYRED,SECONDARYGREEN,SECONDARYBLUE,ROOF,TURF,BUILT,CAPACITY,LUXURY,CONDITION,ATTENDANCE,SUPPORT,PLAN,COMPLETED,FUTURE,FUTURENAME,FUTUREABBR,FUTUREROOF,FUTURETURF,FUTURECAP,FUTURELUXURY,TEAMCONTRIBUTION
2002,1,Arizona,Cardinals,ARI,2,4,1110,151,35,63,255,182,18,0,0,1958,71706,68,2,54,0,1,2006,993,,,2,0,63400,88,100
2002,2,Atlanta,Falcons,ATL,2,3,3023,167,25,48,165,172,175,1,1,1992,74228,203,6,72,0,0,0,0,,,0,0,0,0,0
2002,3,Baltimore,Ravens,BAL,1,2,7609,26,25,95,158,124,12,0,0,1998,69084,108,7,98,0,0,0,0,,,0,0,0,0,0
2002,4,Buffalo,Bills,BUF,1,1,13539,0,51,141,198,12,48,0,1,1973,73967,164,8,88,10,0,0,0,,,0,0,0,0,0
2002,5,Carolina,Panthers,CAR,2,3,10832,0,133,202,191,192,191,0,0,1996,73250,158,10,96,0,0,0,0,,,0,0,0,0,0
2002,6,Chicago,Bears,CHI,2,2,4552,4,28,44,200,56,3,0,0,1923,66944,5,1,99,0,1,2003,4552,,,0,0,61500,133,80
2002,7,Cincinnati,Bengals,CIN,1,2,14086,251,79,20,0,0,0,0,0,2000,65515,114,10,87,0,0,0,0,,,0,0,0,0,0
2002,8,Dallas,Cowboys,DAL,2,1,18084,0,34,68,255,255,255,0,1,1971,65675,381,9,96,50,0,0,0,,,0,0,0,0,0
2002,9,Denver,Broncos,DEN,1,4,2139,0,34,68,251,79,20,0,1,2001,76125,106,10,99,0,0,0,0,,,0,0,0,0,0
2002,10,Detroit,Lions,DET,2,2,8418,0,118,182,176,183,188,1,1,2002,65000,120,10,99,0,0,0,0,,,0,0,0,0,0
2002,11,Green Bay,Packers,GB,2,2,20173,24,48,40,255,184,28,0,2,1957,66110,166,8,73,0,0,0,0,,,0,0,0,0,0
2002,12,Indianapolis,Colts,IND,1,3,5601,0,44,95,255,255,255,1,1,1984,55531,104,4,99,40,0,0,0,,,0,0,0,0,0
2002,13,Jacksonville,Jaguars,JAX,1,3,2767,0,103,127,215,162,42,0,0,1995,67246,75,6,90,0,0,0,0,,,0,0,0,0,0
2002,14,Kansas City,Chiefs,KC,1,4,9892,227,24,55,255,184,28,0,0,1972,79451,80,9,99,20,0,0,0,,,0,0,0,0,0
2002,15,Miami,Dolphins,MIA,1,1,2832,0,142,151,245,130,32,0,0,1987,75540,216,7,99,20,0,0,0,,,0,0,0,0,0
2002,16,Minnesota,Vikings,MIN,2,2,9342,79,38,131,255,198,47,1,1,1982,64121,115,2,99,90,0,0,0,,,0,0,0,0,0
2002,17,New England,Patriots,NE,1,1,7298,0,34,68,176,183,188,0,1,2002,68756,89,9,90,0,0,0,0,,,0,0,0,0,0
2002,18,New Orleans,Saints,NO,2,3,7053,162,141,91,16,24,31,1,1,1975,68500,137,3,92,80,0,0,0,,,0,0,0,0,0
2002,19,New York,Giants,NYG,2,1,12124,1,35,82,163,13,45,0,1,1976,80242,119,5,98,60,0,0,0,,,0,0,0,0,0
2002,20,New York,Jets,NYJ,1,1,12124,0,63,45,255,255,255,0,1,1976,80242,119,5,98,70,0,0,0,,,0,0,0,0,0
2002,21,Oakland,Raiders,OAK,1,4,1715,0,0,0,165,172,175,0,0,1966,63132,143,8,99,30,0,0,0,,,0,0,0,0,0
2002,22,Philadelphia,Eagles,PHI,2,1,16242,0,76,84,165,172,175,0,1,1971,65352,89,1,99,0,1,2003,16242,,,0,2,69596,172,90
2002,23,Pittsburgh,Steelers,PIT,1,2,16249,16,24,32,255,182,18,0,0,2001,64450,129,9,91,0,0,0,0,,,0,0,0,0,0
2002,24,San Diego,Chargers,SD,1,4,1861,0,42,94,255,194,14,0,0,1967,70561,113,8,84,30,0,0,0,,,0,0,0,0,0
2002,25,Seattle,Seahawks,SEA,2,4,19869,0,48,135,0,106,56,0,1,2002,68000,82,10,89,0,0,0,0,,,0,0,0,0,0
2002,26,San Francisco,49ers,SF,2,4,1864,170,0,0,173,153,93,0,0,1960,69732,93,6,97,70,0,0,0,,,0,0,0,0,0
2002,27,St. Louis,Rams,STL,2,4,10112,0,34,68,134,109,75,1,1,1995,70000,120,8,94,0,0,0,0,,,0,0,0,0,0
2002,28,Tampa Bay,Buccaneers,TB,2,3,2957,166,25,46,252,76,2,0,0,1998,65657,197,7,99,0,0,0,0,,,0,0,0,0,0
2002,29,Tennessee,Titans,TEN,1,3,17445,12,35,64,75,146,219,0,0,1999,68804,156,8,99,0,0,0,0,,,0,0,0,0,0
2002,30,Washington,Commanders,WAS,2,1,21049,63,16,16,255,182,18,0,0,1997,86484,243,10,95,0,0,0,0,,,0,0,0,0,0
2002,31,Cleveland,Browns,CLE,1,2,14092,52,38,36,236,86,20,0,0,1999,73200,143,7,99,0,0,0,0,,,0,0,0,0,0
2002,32,Houston,Texans,HOU,1,3,18061,3,32,47,167,25,48,2,1,2002,69500,165,9,97,0,0,0,0,,,0,0,0,0,0
2003,1,Arizona,Cardinals,ARI,2,4,1110,151,35,63,255,182,18,0,0,1958,71706,68,2,57,0,1,2006,993,,,2,0,63400,88,100
2003,2,Atlanta,Falcons,ATL,2,3,3023,167,25,48,165,172,175,1,1,1992,74228,203,6,93,10,0,0,0,,,0,0,0,0,0
2003,3,Baltimore,Ravens,BAL,1,2,7609,26,25,95,158,124,12,0,0,1998,69084,108,7,98,0,0,0,0,,,0,0,0,0,0
2003,4,Buffalo,Bills,BUF,1,1,13539,0,51,141,198,12,48,0,1,1973,73967,164,8,96,10,0,0,0,,,0,0,0,0,0
2003,5,Carolina,Panthers,CAR,2,3,10832,0,133,202,191,192,191,0,0,1996,73250,158,10,95,0,0,0,0,,,0,0,0,0,0
2003,6,Chicago,Bears,CHI,2,2,4552,4,28,44,200,56,3,0,0,2003,61500,133,10,98,0,0,0,0,,,0,0,0,0,0
2003,7,Cincinnati,Bengals,CIN,1,2,14086,251,79,20,0,0,0,0,0,2000,65515,114,10,81,0,0,0,0,,,0,0,0,0,0
2003,8,Dallas,Cowboys,DAL,2,1,18084,0,34,68,255,255,255,0,1,1971,65675,381,9,96,75,0,0,0,,,0,0,0,0,0
2003,9,Denver,Broncos,DEN,1,4,2139,0,34,68,251,79,20,0,1,2001,76125,106,10,99,0,0,0,0,,,0,0,0,0,0
2003,10,Detroit,Lions,DET,2,2,8418,0,118,182,176,183,188,1,1,2002,65000,120,10,94,0,0,0,0,,,0,0,0,0,0
2003,11,Green Bay,Packers,GB,2,2,20173,24,48,40,255,184,28,0,2,2003,72515,166,10,78,10,0,0,0,,,0,0,0,0,0
2003,12,Indianapolis,Colts,IND,1,3,5601,0,44,95,255,255,255,1,1,1984,55531,104,4,99,80,0,0,0,,,0,0,0,0,0
2003,13,Jacksonville,Jaguars,JAX,1,3,2767,0,103,127,215,162,42,0,0,1995,67246,75,6,84,0,0,0,0,,,0,0,0,0,0
2003,14,Kansas City,Chiefs,KC,1,4,9892,227,24,55,255,184,28,0,0,1972,79451,80,9,99,20,0,0,0,,,0,0,0,0,0
2003,15,Miami,Dolphins,MIA,1,1,2832,0,142,151,245,130,32,0,0,1987,75540,216,7,99,20,0,0,0,,,0,0,0,0,0
2003,16,Minnesota,Vikings,MIN,2,2,9342,79,38,131,255,198,47,1,1,1982,64121,115,2,99,90,0,0,0,,,0,0,0,0,0
2003,17,New England,Patriots,NE,1,1,7298,0,34,68,176,183,188,0,1,2002,68756,89,9,99,0,0,0,0,,,0,0,0,0,0
2003,18,New Orleans,Saints,NO,2,3,7053,162,141,91,16,24,31,1,1,1975,68500,137,3,89,80,0,0,0,,,0,0,0,0,0
2003,19,New York,Giants,NYG,2,1,12124,1,35,82,163,13,45,0,1,1976,80242,119,5,98,60,0,0,0,,,0,0,0,0,0
2003,20,New York,Jets,NYJ,1,1,12124,0,63,45,255,255,255,0,1,1976,80242,119,5,98,85,0,0,0,,,0,0,0,0,0
2003,21,Oakland,Raiders,OAK,1,4,1715,0,0,0,165,172,175,0,0,1966,63132,143,8,99,30,0,0,0,,,0,0,0,0,0
2003,22,Philadelphia,Eagles,PHI,2,1,16242,0,76,84,165,172,175,0,2,2003,69796,172,10,94,0,0,0,0,,,0,0,0,0,0
2003,23,Pittsburgh,Steelers,PIT,1,2,16249,16,24,32,255,182,18,0,0,2001,64450,129,9,90,0,0,0,0,,,0,0,0,0,0
2003,24,San Diego,Chargers,SD,1,4,1861,0,42,94,255,194,14,0,0,1967,70561,113,8,88,60,0,0,0,,,0,0,0,0,0
2003,25,Seattle,Seahawks,SEA,2,4,19869,0,48,135,0,106,56,0,1,2002,68000,82,10,93,0,0,0,0,,,0,0,0,0,0
2003,26,San Francisco,49ers,SF,2,4,1864,170,0,0,173,153,93,0,0,1960,69732,93,6,97,70,0,0,0,,,0,0,0,0,0
2003,27,St. Louis,Rams,STL,2,4,10112,0,34,68,134,109,75,1,1,1995,70000,120,8,94,0,0,0,0,,,0,0,0,0,0
2003,28,Tampa Bay,Buccaneers,TB,2,3,2957,166,25,46,252,76,2,0,0,1998,65657,197,7,99,0,0,0,0,,,0,0,0,0,0
2003,29,Tennessee,Titans,TEN,1,3,17445,12,35,64,75,146,219,0,0,1999,68809,156,8,99,0,0,0,0,,,0,0,0,0,0
2003,30,Washington,Commanders,WAS,2,1,21049,63,16,16,255,182,18,0,0,1997,86484,243,10,98,0,0,0,0,,,0,0,0,0,0
2003,31,Cleveland,Browns,CLE,1,2,14092,52,38,36,236,86,20,0,0,1999,73200,143,7,99,0,0,0,0,,,0,0,0,0,0
2003,32,Houston,Texans,HOU,1,3,18061,3,32,47,167,25,48,2,1,2002,71054,165,9,97,0,0,0,0,,,0,0,0,0,0
2004,1,Arizona,Cardinals,ARI,2,4,1110,151,35,63,255,182,18,0,0,1958,71706,68,2,50,0,1,2006,993,,,2,0,63400,88,100
2004,2,Atlanta,Falcons,ATL,2,3,3023,167,25,48,165,172,175,1,1,1992,74228,203,6,95,10,0,0,0,,,0,0,0,0,0
2004,3,Baltimore,Ravens,BAL,1,2,7609,26,25,95,158,124,12,0,0,1998,69084,108,7,98,0,0,0,0,,,0,0,0,0,0
2004,4,Buffalo,Bills,BUF,1,1,13539,0,51,141,198,12,48,0,1,1973,73967,164,8,99,10,0,0,0,,,0,0,0,0,0
2004,5,Carolina,Panthers,CAR,2,3,10832,0,133,202,191,192,191,0,0,1996,73250,158,10,97,0,0,0,0,,,0,0,0,0,0
2004,6,Chicago,Bears,CHI,2,2,4552,4,28,44,200,56,3,0,0,2003,61500,133,10,97,0,0,0,0,,,0,0,0,0,0
2004,7,Cincinnati,Bengals,CIN,1,2,14086,251,79,20,0,0,0,0,1,2000,65515,114,10,91,0,0,0,0,,,0,0,0,0,0
2004,8,Dallas,Cowboys,DAL,2,1,18084,0,34,68,255,255,255,0,1,1971,65675,381,9,97,75,0,0,0,,,0,0,0,0,0
2004,9,Denver,Broncos,DEN,1,4,2139,0,34,68,251,79,20,0,1,2001,76125,106,10,99,0,0,0,0,,,0,0,0,0,0
2004,10,Detroit,Lions,DET,2,2,8418,0,118,182,176,183,188,1,1,2002,65000,120,10,94,0,0,0,0,,,0,0,0,0,0
2004,11,Green Bay,Packers,GB,2,2,20173,24,48,40,255,184,28,0,2,2003,72569,166,10,86,10,0,0,0,,,0,0,0,0,0
2004,12,Indianapolis,Colts,IND,1,3,5601,0,44,95,255,255,255,1,1,1984,55531,104,4,99,0,1,2008,5601,,,2,1,67000,149,71
2004,13,Jacksonville,Jaguars,JAX,1,3,2767,0,103,127,215,162,42,0,0,1995,67246,75,6,80,0,0,0,0,,,0,0,0,0,0
2004,14,Kansas City,Chiefs,KC,1,4,9892,227,24,55,255,184,28,0,0,1972,79451,80,9,99,20,0,0,0,,,0,0,0,0,0
2004,15,Miami,Dolphins,MIA,1,1,2832,0,142,151,245,130,32,0,0,1987,75540,216,7,99,20,0,0,0,,,0,0,0,0,0
2004,16,Minnesota,Vikings,MIN,2,2,9342,79,38,131,255,198,47,1,1,1982,64121,115,2,99,90,0,0,0,,,0,0,0,0,0
2004,17,New England,Patriots,NE,1,1,7298,0,34,68,176,183,188,0,1,2002,68756,89,9,99,0,0,0,0,,,0,0,0,0,0
2004,18,New Orleans,Saints,NO,2,3,7053,162,141,91,16,24,31,1,1,1975,64900,137,3,90,80,0,0,0,,,0,0,0,0,0
2004,19,New York,Giants,NYG,2,1,12124,1,35,82,163,13,45,0,1,1976,80242,119,5,98,60,0,0,0,,,0,0,0,0,0
2004,20,New York,Jets,NYJ,1,1,12124,0,63,45,255,255,255,0,1,1976,80242,119,5,97,85,0,0,0,,,0,0,0,0,0
2004,21,Oakland,Raiders,OAK,1,4,1715,0,0,0,165,172,175,0,0,1966,63132,143,8,99,30,0,0,0,,,0,0,0,0,0
2004,22,Philadelphia,Eagles,PHI,2,1,16242,0,76,84,165,172,175,0,2,2003,69796,172,10,98,0,0,0,0,,,0,0,0,0,0
2004,23,Pittsburgh,Steelers,PIT,1,2,16249,16,24,32,255,182,18,0,0,2001,64450,129,9,87,0,0,0,0,,,0,0,0,0,0
2004,24,San Diego,Chargers,SD,1,4,1861,0,42,94,255,194,14,0,0,1967,70561,113,8,85,60,0,0,0,,,0,0,0,0,0
2004,25,Seattle,Seahawks,SEA,2,4,19869,0,48,135,0,106,56,0,1,2002,68000,82,10,94,0,0,0,0,,,0,0,0,0,0
2004,26,San Francisco,49ers,SF,2,4,1864,170,0,0,173,153,93,0,0,1960,69732,93,6,97,70,0,0,0,,,0,0,0,0,0
2004,27,St. Louis,Rams,STL,2,4,10112,0,34,68,134,109,75,1,1,1995,70000,120,8,94,0,0,0,0,,,0,0,0,0,0
2004,28,Tampa Bay,Buccaneers,TB,2,3,2957,166,25,46,252,76,2,0,0,1998,65657,197,7,99,0,0,0,0,,,0,0,0,0,0
2004,29,Tennessee,Titans,TEN,1,3,17445,12,35,64,75,146,219,0,0,1999,68932,156,8,99,0,0,0,0,,,0,0,0,0,0
2004,30,Washington,Commanders,WAS,2,1,21049,63,16,16,255,182,18,0,0,1997,91665,243,10,98,0,0,0,0,,,0,0,0,0,0
2004,31,Cleveland,Browns,CLE,1,2,14092,52,38,36,236,86,20,0,0,1999,73200,143,7,99,0,0,0,0,,,0,0,0,0,0
2004,32,Houston,Texans,HOU,1,3,18061,3,32,47,167,25,48,2,1,2002,71054,165,9,98,0,0,0,0,,,0,0,0,0,0
2005,1,Arizona,Cardinals,ARI,2,4,1110,151,35,63,255,182,18,0,0,1958,71706,68,2,52,0,1,2006,993,,,2,0,63400,88,100
2005,2,Atlanta,Falcons,ATL,2,3,3023,167,25,48,165,172,175,1,1,1992,74228,203,6,95,10,0,0,0,,,0,0,0,0,0
2005,3,Baltimore,Ravens,BAL,1,2,7609,26,25,95,158,124,12,0,0,1998,70107,108,7,98,0,0,0,0,,,0,0,0,0,0
2005,4,Buffalo,Bills,BUF,1,1,13539,0,51,141,198,12,48,0,1,1973,73967,164,8,99,20,0,0,0,,,0,0,0,0,0
2005,5,Carolina,Panthers,CAR,2,3,10832,0,133,202,191,192,191,0,0,1996,73298,158,10,97,0,0,0,0,,,0,0,0,0,0
2005,6,Chicago,Bears,CHI,2,2,4552,4,28,44,200,56,3,0,0,2003,61500,133,10,99,0,0,0,0,,,0,0,0,0,0
2005,7,Cincinnati,Bengals,CIN,1,2,14086,251,79,20,0,0,0,0,1,2000,65515,114,10,99,0,0,0,0,,,0,0,0,0,0
2005,8,Dallas,Cowboys,DAL,2,1,18084,0,34,68,255,255,255,0,1,1971,65675,381,9,97,0,1,2009,17648,,,2,1,80000,243,100
2005,9,Denver,Broncos,DEN,1,4,2139,0,34,68,251,79,20,0,1,2001,76125,106,10,99,0,0,0,0,,,0,0,0,0,0
2005,10,Detroit,Lions,DET,2,2,8418,0,118,182,176,183,188,1,1,2002,65000,120,10,96,0,0,0,0,,,0,0,0,0,0
2005,11,Green Bay,Packers,GB,2,2,20173,24,48,40,255,184,28,0,2,2003,72601,166,10,87,20,0,0,0,,,0,0,0,0,0
2005,12,Indianapolis,Colts,IND,1,3,5601,0,44,95,255,255,255,1,1,1984,55531,104,4,99,0,1,2008,5601,,,2,1,67000,149,71
2005,13,Jacksonville,Jaguars,JAX,1,3,2767,0,103,127,215,162,42,0,0,1995,67246,75,6,99,0,0,0,0,,,0,0,0,0,0
2005,14,Kansas City,Chiefs,KC,1,4,9892,227,24,55,255,184,28,0,0,1972,79451,80,9,99,30,0,0,0,,,0,0,0,0,0
2005,15,Miami,Dolphins,MIA,1,1,2832,0,142,151,245,130,32,0,0,1987,75540,216,7,99,30,0,0,0,,,0,0,0,0,0
2005,16,Minnesota,Vikings,MIN,2,2,9342,79,38,131,255,198,47,1,1,1982,64121,115,2,99,70,0,0,0,,,0,0,0,0,0
2005,17,New England,Patriots,NE,1,1,7298,0,34,68,176,183,188,0,1,2002,68756,89,9,99,0,0,0,0,,,0,0,0,0,0
2005,18,New Orleans,Saints,NO,2,3,7053,162,141,91,16,24,31,1,1,1975,64900,137,3,84,40,0,0,0,,,0,0,0,0,0
2005,19,New York,Giants,NYG,2,1,12124,1,35,82,163,13,45,0,1,1976,80242,119,5,98,60,0,0,0,,,0,0,0,0,0
2005,20,New York,Jets,NYJ,1,1,12124,0,63,45,255,255,255,0,1,1976,80242,119,5,97,80,0,0,0,,,0,0,0,0,0
2005,21,Oakland,Raiders,OAK,1,4,1715,0,0,0,165,172,175,0,0,1966,63132,143,8,95,30,0,0,0,,,0,0,0,0,0
2005,22,Philadelphia,Eagles,PHI,2,1,16242,0,76,84,165,172,175,0,2,2003,69796,172,10,97,0,0,0,0,,,0,0,0,0,0
2005,23,Pittsburgh,Steelers,PIT,1,2,16249,16,24,32,255,182,18,0,0,2001,64450,129,9,93,0,0,0,0,,,0,0,0,0,0
2005,24,San Diego,Chargers,SD,1,4,1861,0,42,94,255,194,14,0,0,1967,70561,113,8,86,60,0,0,0,,,0,0,0,0,0
2005,25,Seattle,Seahawks,SEA,2,4,19869,0,48,135,0,106,56,0,1,2002,68000,82,10,98,0,0,0,0,,,0,0,0,0,0
2005,26,San Francisco,49ers,SF,2,4,1864,170,0,0,173,153,93,0,0,1960,69732,93,6,93,50,0,0,0,,,0,0,0,0,0
2005,27,St. Louis,Rams,STL,2,4,10112,0,34,68,134,109,75,1,1,1995,70000,120,8,94,0,0,0,0,,,0,0,0,0,0
2005,28,Tampa Bay,Buccaneers,TB,2,3,2957,166,25,46,252,76,2,0,0,1998,65657,197,7,99,0,0,0,0,,,0,0,0,0,0
2005,29,Tennessee,Titans,TEN,1,3,17445,12,35,64,75,146,219,0,0,1999,69149,156,8,99,0,0,0,0,,,0,0,0,0,0
2005,30,Washington,Commanders,WAS,2,1,21049,63,16,16,255,182,18,0,0,1997,91665,243,10,99,0,0,0,0,,,0,0,0,0,0
2005,31,Cleveland,Browns,CLE,1,2,14092,52,38,36,236,86,20,0,0,1999,73200,143,7,99,0,0,0,0,,,0,0,0,0,0
2005,32,Houston,Texans,HOU,1,3,18061,3,32,47,167,25,48,2,1,2002,71054,165,9,98,0,0,0,0,,,0,0,0,0,0
2006,1,Arizona,Cardinals,ARI,2,4,993,151,35,63,255,182,18,2,0,2006,63400,88,10,67,0,0,0,0,,,0,0,0,0,0
2006,2,Atlanta,Falcons,ATL,2,3,3023,167,25,48,165,172,175,1,1,1992,74228,203,6,95,10,0,0,0,,,0,0,0,0,0
2006,3,Baltimore,Ravens,BAL,1,2,7609,26,25,95,158,124,12,0,0,1998,70107,108,7,99,0,0,0,0,,,0,0,0,0,0
2006,4,Buffalo,Bills,BUF,1,1,13539,0,51,141,198,12,48,0,1,1973,73967,164,8,99,30,0,0,0,,,0,0,0,0,0
2006,5,Carolina,Panthers,CAR,2,3,10832,0,133,202,191,192,191,0,0,1996,73298,158,10,97,10,0,0,0,,,0,0,0,0,0
2006,6,Chicago,Bears,CHI,2,2,4552,11,22,42,200,56,3,0,0,2003,61500,133,10,99,0,0,0,0,,,0,0,0,0,0
2006,7,Cincinnati,Bengals,CIN,1,2,14086,251,79,20,0,0,0,0,1,2000,65515,114,10,99,0,0,0,0,,,0,0,0,0,0
2006,8,Dallas,Cowboys,DAL,2,1,18084,0,34,68,255,255,255,0,1,1971,65675,381,9,96,0,1,2009,17648,,,2,1,80000,243,100
2006,9,Denver,Broncos,DEN,1,4,2139,0,34,68,251,79,20,0,1,2001,76125,106,10,99,0,0,0,0,,,0,0,0,0,0
2006,10,Detroit,Lions,DET,2,2,8418,0,118,182,176,183,188,1,1,2002,65000,120,10,95,0,0,0,0,,,0,0,0,0,0
2006,11,Green Bay,Packers,GB,2,2,20173,24,48,40,255,184,28,0,2,2003,72922,166,10,86,20,0,0,0,,,0,0,0,0,0
2006,12,Indianapolis,Colts,IND,1,3,5601,0,44,95,255,255,255,1,1,1984,55531,104,4,99,0,1,2008,5601,,,2,1,67000,149,71
2006,13,Jacksonville,Jaguars,JAX,1,3,2767,0,103,127,215,162,42,0,0,1995,67246,75,6,98,0,0,0,0,,,0,0,0,0,0
2006,14,Kansas City,Chiefs,KC,1,4,9892,227,24,55,255,184,28,0,0,1972,79451,80,9,99,30,0,0,0,,,0,0,0,0,0
2006,15,Miami,Dolphins,MIA,1,1,2832,0,142,151,245,130,32,0,0,1987,75540,216,7,99,30,0,0,0,,,0,0,0,0,0
2006,16,Minnesota,Vikings,MIN,2,2,9342,79,38,131,255,198,47,1,1,1982,64121,115,2,99,70,0,0,0,,,0,0,0,0,0
2006,17,New England,Patriots,NE,1,1,7298,0,34,68,176,183,188,0,1,2002,68756,89,9,99,0,0,0,0,,,0,0,0,0,0
2006,18,New Orleans,Saints,NO,2,3,7053,162,141,91,16,24,31,1,1,1975,68354,137,3,84,40,0,0,0,,,0,0,0,0,0
2006,19,New York,Giants,NYG,2,1,12124,1,35,82,163,13,45,0,1,1976,80242,119,5,98,0,1,2010,12124,,,0,1,82500,218,100
2006,20,New York,Jets,NYJ,1,1,12124,0,63,45,255,255,255,0,1,1976,80242,119,5,97,0,1,2010,12124,,,0,1,82500,218,100
2006,21,Oakland,Raiders,OAK,1,4,1715,0,0,0,165,172,175,0,0,1966,63132,143,8,98,40,0,0,0,,,0,0,0,0,0
2006,22,Philadelphia,Eagles,PHI,2,1,16242,0,76,84,165,172,175,0,2,2003,69796,172,10,97,0,0,0,0,,,0,0,0,0,0
2006,23,Pittsburgh,Steelers,PIT,1,2,16249,16,24,32,255,182,18,0,0,2001,65050,129,9,93,0,0,0,0,,,0,0,0,0,0
2006,24,San Diego,Chargers,SD,1,4,1861,0,42,94,255,194,14,0,0,1967,70561,113,8,94,60,0,0,0,,,0,0,0,0,0
2006,25,Seattle,Seahawks,SEA,2,4,19869,0,48,135,0,106,56,0,1,2002,68000,82,10,98,0,0,0,0,,,0,0,0,0,0
2006,26,San Francisco,49ers,SF,2,4,1864,170,0,0,173,153,93,0,0,1960,69732,93,6,94,50,0,0,0,,,0,0,0,0,0
2006,27,St. Louis,Rams,STL,2,4,10112,0,34,68,134,109,75,1,1,1995,70000,120,8,94,10,0,0,0,,,0,0,0,0,0
2006,28,Tampa Bay,Buccaneers,TB,2,3,2957,166,25,46,252,76,2,0,0,1998,65657,197,7,99,0,0,0,0,,,0,0,0,0,0
2006,29,Tennessee,Titans,TEN,1,3,17445,12,35,64,75,146,219,0,0,1999,69143,156,8,99,0,0,0,0,,,0,0,0,0,0
2006,30,Washington,Commanders,WAS,2,1,21049,63,16,16,255,182,18,0,0,1997,91665,243,10,99,0,0,0,0,,,0,0,0,0,0
2006,31,Cleveland,Browns,CLE,1,2,14092,52,38,36,236,86,20,0,0,1999,73200,143,7,99,0,0,0,0,,,0,0,0,0,0
2006,32,Houston,Texans,HOU,1,3,18061,3,32,47,167,25,48,2,1,2002,71054,165,9,97,0,0,0,0,,,0,0,0,0,0
2007,1,Arizona,Cardinals,ARI,2,4,993,151,35,63,255,182,18,2,0,2006,63400,88,10,99,0,0,0,0,,,0,0,0,0,0
2007,2,Atlanta,Falcons,ATL,2,3,3023,167,25,48,165,172,175,1,1,1992,74228,203,6,95,10,0,0,0,,,0,0,0,0,0
2007,3,Baltimore,Ravens,BAL,1,2,7609,26,25,95,158,124,12,0,0,1998,71008,108,7,99,0,0,0,0,,,0,0,0,0,0
2007,4,Buffalo,Bills,BUF,1,1,13539,0,51,141,198,12,48,0,1,1973,73967,164,8,94,30,0,0,0,,,0,0,0,0,0
2007,5,Carolina,Panthers,CAR,2,3,10832,0,133,202,191,192,191,0,0,1996,73504,158,10,98,10,0,0,0,,,0,0,0,0,0
2007,6,Chicago,Bears,CHI,2,2,4552,11,22,42,200,56,3,0,0,2003,61500,133,10,99,0,0,0,0,,,0,0,0,0,0
2007,7,Cincinnati,Bengals,CIN,1,2,14086,251,79,20,0,0,0,0,1,2000,65515,114,10,99,0,0,0,0,,,0,0,0,0,0
2007,8,Dallas,Cowboys,DAL,2,1,18084,0,34,68,255,255,255,0,1,1971,65675,381,9,96,0,1,2009,17648,,,2,1,80000,243,100
2007,9,Denver,Broncos,DEN,1,4,2139,0,34,68,251,79,20,0,1,2001,76125,106,10,99,0,0,0,0,,,0,0,0,0,0
2007,10,Detroit,Lions,DET,2,2,8418,0,118,182,176,183,188,1,1,2002,65000,120,10,94,0,0,0,0,,,0,0,0,0,0
2007,11,Green Bay,Packers,GB,2,2,20173,24,48,40,255,184,28,0,2,2003,72928,166,10,87,20,0,0,0,,,0,0,0,0,0
2007,12,Indianapolis,Colts,IND,1,3,5601,0,44,95,255,255,255,1,1,1984,55531,104,4,99,0,1,2008,5601,,,2,1,67000,149,71
2007,13,Jacksonville,Jaguars,JAX,1,3,2767,0,103,127,215,162,42,0,0,1995,67246,75,6,99,0,0,0,0,,,0,0,0,0,0
2007,14,Kansas City,Chiefs,KC,1,4,9892,227,24,55,255,184,28,0,0,1972,79451,80,9,99,30,0,0,0,,,0,0,0,0,0
2007,15,Miami,Dolphins,MIA,1,1,2832,0,142,151,245,130,32,0,0,1987,75540,216,7,99,30,0,0,0,,,0,0,0,0,0
2007,16,Minnesota,Vikings,MIN,2,2,9342,79,38,131,255,198,47,1,1,1982,64121,115,2,99,70,0,0,0,,,0,0,0,0,0
2007,17,New England,Patriots,NE,1,1,7298,0,34,68,176,183,188,0,1,2002,68756,89,9,99,0,0,0,0,,,0,0,0,0,0
2007,18,New Orleans,Saints,NO,2,3,7053,162,141,91,16,24,31,1,1,1975,72968,137,3,90,40,0,0,0,,,0,0,0,0,0
2007,19,New York,Giants,NYG,2,1,12124,1,35,82,163,13,45,0,1,1976,80242,119,5,98,0,1,2010,12124,,,0,1,82500,218,100
2007,20,New York,Jets,NYJ,1,1,12124,0,63,45,255,255,255,0,1,1976,80242,119,5,96,0,1,2010,12124,,,0,1,82500,218,100
2007,21,Oakland,Raiders,OAK,1,4,1715,0,0,0,165,172,175,0,0,1966,63132,143,8,99,40,0,0,0,,,0,0,0,0,0
2007,22,Philadelphia,Eagles,PHI,2,1,16242,0,76,84,165,172,175,0,2,2003,69796,172,10,99,0,0,0,0,,,0,0,0,0,0
2007,23,Pittsburgh,Steelers,PIT,1,2,16249,16,24,32,255,182,18,0,0,2001,65050,129,9,91,0,0,0,0,,,0,0,0,0,0
2007,24,San Diego,Chargers,SD,1,4,1861,0,42,94,255,194,14,0,0,1967,70561,113,8,94,60,0,0,0,,,0,0,0,0,0
2007,25,Seattle,Seahawks,SEA,2,4,19869,0,48,135,0,106,56,0,1,2002,68000,82,10,99,0,0,0,0,,,0,0,0,0,0
2007,26,San Francisco,49ers,SF,2,4,1864,170,0,0,173,153,93,0,0,1960,69732,93,6,98,50,0,0,0,,,0,0,0,0,0
2007,27,St. Louis,Rams,STL,2,4,10112,0,34,68,134,109,75,1,1,1995,70000,120,8,93,10,0,0,0,,,0,0,0,0,0
2007,28,Tampa Bay,Buccaneers,TB,2,3,2957,166,25,46,252,76,2,0,0,1998,65657,197,7,99,0,0,0,0,,,0,0,0,0,0
2007,29,Tennessee,Titans,TEN,1,3,17445,12,35,64,75,146,219,0,0,1999,69143,156,8,99,0,0,0,0,,,0,0,0,0,0
2007,30,Washington,Commanders,WAS,2,1,21049,63,16,16,255,182,18,0,0,1997,91665,243,10,99,0,0,0,0,,,0,0,0,0,0
2007,31,Cleveland,Browns,CLE,1,2,14092,52,38,36,236,86,20,0,0,1999,73200,143,7,99,0,0,0,0,,,0,0,0,0,0
2007,32,Houston,Texans,HOU,1,3,18061,3,32,47,167,25,48,2,1,2002,71054,165,9,97,0,0,0,0,,,0,0,0,0,0
2008,1,Arizona,Cardinals,ARI,2,4,993,151,35,63,255,182,18,2,0,2006,63400,88,10,99,0,0,0,0,,,0,0,0,0,0
2008,2,Atlanta,Falcons,ATL,2,3,3023,167,25,48,165,172,175,1,1,1992,74228,203,6,92,30,0,0,0,,,0,0,0,0,0
2008,3,Baltimore,Ravens,BAL,1,2,7609,26,25,95,158,124,12,0,0,1998,71008,108,7,99,0,0,0,0,,,0,0,0,0,0
2008,4,Buffalo,Bills,BUF,1,1,13539,0,51,141,198,12,48,0,1,1973,73079,164,8,99,30,0,0,0,,,0,0,0,0,0
2008,5,Carolina,Panthers,CAR,2,3,10832,0,133,202,191,192,191,0,0,1996,73778,158,10,97,10,0,0,0,,,0,0,0,0,0
2008,6,Chicago,Bears,CHI,2,2,4552,11,22,42,200,56,3,0,0,2003,61500,133,10,99,0,0,0,0,,,0,0,0,0,0
2008,7,Cincinnati,Bengals,CIN,1,2,14086,251,79,20,0,0,0,0,1,2000,65515,114,10,99,0,0,0,0,,,0,0,0,0,0
2008,8,Dallas,Cowboys,DAL,2,1,18084,0,34,68,255,255,255,0,1,1971,65675,381,9,97,0,1,2009,17648,,,2,1,80000,243,100
2008,9,Denver,Broncos,DEN,1,4,2139,0,34,68,251,79,20,0,1,2001,76125,106,10,99,0,0,0,0,,,0,0,0,0,0
2008,10,Detroit,Lions,DET,2,2,8418,0,118,182,176,183,188,1,1,2002,65000,120,10,94,0,0,0,0,,,0,0,0,0,0
2008,11,Green Bay,Packers,GB,2,2,20173,24,48,40,255,184,28,0,2,2003,72928,166,10,87,20,0,0,0,,,0,0,0,0,0
2008,12,Indianapolis,Colts,IND,1,3,5601,0,44,95,255,255,255,2,1,2008,67000,149,10,86,0,0,0,0,,,0,0,0,0,0
2008,13,Jacksonville,Jaguars,JAX,1,3,2767,0,103,127,215,162,42,0,0,1995,67246,75,6,97,0,0,0,0,,,0,0,0,0,0
2008,14,Kansas City,Chiefs,KC,1,4,9892,227,24,55,255,184,28,0,0,1972,79451,80,9,99,30,0,0,0,,,0,0,0,0,0
2008,15,Miami,Dolphins,MIA,1,1,2832,0,142,151,245,130,32,0,0,1987,75540,216,7,99,30,0,0,0,,,0,0,0,0,0
2008,16,Minnesota,Vikings,MIN,2,2,9342,79,38,131,255,198,47,1,1,1982,64121,115,2,99,60,0,0,0,,,0,0,0,0,0
2008,17,New England,Patriots,NE,1,1,7298,0,34,68,176,183,188,0,1,2002,68756,89,9,99,0,0,0,0,,,0,0,0,0,0
2008,18,New Orleans,Saints,NO,2,3,7053,162,141,91,16,24,31,1,1,1975,72968,137,3,92,40,0,0,0,,,0,0,0,0,0
2008,19,New York,Giants,NYG,2,1,12124,1,35,82,163,13,45,0,1,1976,80242,119,5,98,0,1,2010,12124,,,0,1,82500,218,100
2008,20,New York,Jets,NYJ,1,1,12124,0,63,45,255,255,255,0,1,1976,80242,119,5,96,0,1,2010,12124,,,0,1,82500,218,100
2008,21,Oakland,Raiders,OAK,1,4,1715,0,0,0,165,172,175,0,0,1966,63132,143,8,99,40,0,0,0,,,0,0,0,0,0
2008,22,Philadelphia,Eagles,PHI,2,1,16242,0,76,84,165,172,175,0,2,2003,69796,172,10,98,0,0,0,0,,,0,0,0,0,0
2008,23,Pittsburgh,Steelers,PIT,1,2,16249,16,24,32,255,182,18,0,0,2001,65050,129,9,91,0,0,0,0,,,0,0,0,0,0
2008,24,San Diego,Chargers,SD,1,4,1861,0,42,94,255,194,14,0,0,1967,70561,113,8,93,60,0,0,0,,,0,0,0,0,0
2008,25,Seattle,Seahawks,SEA,2,4,19869,0,48,135,0,106,56,0,1,2002,68000,82,10,99,0,0,0,0,,,0,0,0,0,0
2008,26,San Francisco,49ers,SF,2,4,1864,170,0,0,173,153,93,0,0,1960,69732,93,6,98,50,0,0,0,,,0,0,0,0,0
2008,27,St. Louis,Rams,STL,2,4,10112,0,34,68,134,109,75,1,1,1995,70000,120,8,92,10,0,0,0,,,0,0,0,0,0
2008,28,Tampa Bay,Buccaneers,TB,2,3,2957,166,25,46,252,76,2,0,0,1998,65856,197,7,99,0,0,0,0,,,0,0,0,0,0
2008,29,Tennessee,Titans,TEN,1,3,17445,12,35,64,75,146,219,0,0,1999,69143,156,8,99,0,0,0,0,,,0,0,0,0,0
2008,30,Washington,Commanders,WAS,2,1,21049,63,16,16,255,182,18,0,0,1997,91665,243,10,99,0,0,0,0,,,0,0,0,0,0
2008,31,Cleveland,Browns,CLE,1,2,14092,52,38,36,236,86,20,0,0,1999,73200,143,7,99,0,0,0,0,,,0,0,0,0,0
2008,32,Houston,Texans,HOU,1,3,18061,3,32,47,167,25,48,2,1,2002,71054,165,9,98,0,0,0,0,,,0,0,0,0,0
2009,1,Arizona,Cardinals,ARI,2,4,993,151,35,63,255,182,18,2,0,2006,63400,88,10,99,0,0,0,0,,,0,0,0,0,0
2009,2,Atlanta,Falcons,ATL,2,3,3023,167,25,48,165,172,175,1,1,1992,74228,203,5,85,40,0,0,0,,,0,0,0,0,0
2009,3,Baltimore,Ravens,BAL,1,2,7609,26,25,95,158,124,12,0,0,1998,71008,108,8,99,0,0,0,0,,,0,0,0,0,0
2009,4,Buffalo,Bills,BUF,1,1,13539,0,51,141,198,12,48,0,1,1973,73079,164,8,99,40,0,0,0,,,0,0,0,0,0
2009,5,Carolina,Panthers,CAR,2,3,10832,0,133,202,191,192,191,0,0,1996,73778,158,9,97,10,0,0,0,,,0,0,0,0,0
2009,6,Chicago,Bears,CHI,2,2,4552,11,22,42,200,56,3,0,0,2003,61500,133,9,99,0,0,0,0,,,0,0,0,0,0
2009,7,Cincinnati,Bengals,CIN,1,2,14086,251,79,20,0,0,0,0,1,2000,65515,114,9,99,0,0,0,0,,,0,0,0,0,0
2009,8,Dallas,Cowboys,DAL,2,1,17648,0,34,68,255,255,255,2,1,2009,80000,243,10,79,0,0,0,0,,,0,0,0,0,0
2009,9,Denver,Broncos,DEN,1,4,2139,0,34,68,251,79,20,0,1,2001,76125,106,10,99,0,0,0,0,,,0,0,0,0,0
2009,10,Detroit,Lions,DET,2,2,8418,0,118,182,176,183,188,1,1,2002,65000,120,9,84,0,0,0,0,,,0,0,0,0,0
2009,11,Green Bay,Packers,GB,2,2,20173,24,48,40,255,184,28,0,2,2003,72928,166,10,87,30,0,0,0,,,0,0,0,0,0
2009,12,Indianapolis,Colts,IND,1,3,5601,0,44,95,255,255,255,2,1,2008,67000,149,10,99,0,0,0,0,,,0,0,0,0,0
2009,13,Jacksonville,Jaguars,JAX,1,3,2767,0,103,127,215,162,42,0,0,1995,67246,75,6,97,0,0,0,0,,,0,0,0,0,0
2009,14,Kansas City,Chiefs,KC,1,4,9892,227,24,55,255,184,28,0,0,1972,79451,80,9,97,30,0,0,0,,,0,0,0,0,0
2009,15,Miami,Dolphins,MIA,1,1,2832,0,142,151,245,130,32,0,0,1987,75540,216,6,99,40,0,0,0,,,0,0,0,0,0
2009,16,Minnesota,Vikings,MIN,2,2,9342,79,38,131,255,198,47,1,1,1982,64121,115,2,99,80,0,0,0,,,0,0,0,0,0
2009,17,New England,Patriots,NE,1,1,7298,0,34,68,176,183,188,0,1,2002,68756,89,9,99,0,0,0,0,,,0,0,0,0,0
2009,18,New Orleans,Saints,NO,2,3,7053,162,141,91,16,24,31,1,1,1975,72968,137,3,92,40,0,0,0,,,0,0,0,0,0
2009,19,New York,Giants,NYG,2,1,12124,1,35,82,163,13,45,0,1,1976,80242,119,5,99,0,1,2010,12124,,,0,1,82500,218,100
2009,20,New York,Jets,NYJ,1,1,12124,0,63,45,255,255,255,0,1,1976,80242,119,5,98,0,1,2010,12124,,,0,1,82500,218,100
2009,21,Oakland,Raiders,OAK,1,4,1715,0,0,0,165,172,175,0,0,1966,63132,143,6,99,40,0,0,0,,,0,0,0,0,0
2009,22,Philadelphia,Eagles,PHI,2,1,16242,0,76,84,165,172,175,0,2,2003,69796,172,10,99,0,0,0,0,,,0,0,0,0,0
2009,23,Pittsburgh,Steelers,PIT,1,2,16249,16,24,32,255,182,18,0,0,2001,65050,129,9,92,0,0,0,0,,,0,0,0,0,0
2009,24,San Diego,Chargers,SD,1,4,1861,0,42,94,255,194,14,0,0,1967,70561,113,7,97,60,0,0,0,,,0,0,0,0,0
2009,25,Seattle,Seahawks,SEA,2,4,19869,0,48,135,0,106,56,0,1,2002,68000,82,10,99,0,0,0,0,,,0,0,0,0,0
2009,26,San Francisco,49ers,SF,2,4,1864,170,0,0,173,153,93,0,0,1960,69732,93,4,97,70,0,0,0,,,0,0,0,0,0
2009,27,St. Louis,Rams,STL,2,4,10112,0,34,68,134,109,75,1,1,1995,70000,120,7,86,20,0,0,0,,,0,0,0,0,0
2009,28,Tampa Bay,Buccaneers,TB,2,3,2957,166,25,46,252,76,2,0,0,1998,65856,197,8,98,0,0,0,0,,,0,0,0,0,0
2009,29,Tennessee,Titans,TEN,1,3,17445,12,35,64,75,146,219,0,0,1999,69143,156,8,99,0,0,0,0,,,0,0,0,0,0
2009,30,Washington,Commanders,WAS,2,1,21049,63,16,16,255,182,18,0,0,1997,91704,243,9,99,0,0,0,0,,,0,0,0,0,0
2009,31,Cleveland,Browns,CLE,1,2,14092,52,38,36,236,86,20,0,0,1999,73200,143,7,99,0,0,0,0,,,0,0,0,0,0
2009,32,Houston,Texans,HOU,1,3,18061,3,32,47,167,25,48,2,1,2002,71054,165,9,98,0,0,0,0,,,0,0,0,0,0
2010,1,Arizona,Cardinals,ARI,2,4,993,151,35,63,255,182,18,2,0,2006,63400,88,10,99,0,0,0,0,,,0,0,0,0,0
2010,2,Atlanta,Falcons,ATL,2,3,3023,167,25,48,165,172,175,1,1,1992,74228,203,5,92,50,0,0,0,,,0,0,0,0,0
2010,3,Baltimore,Ravens,BAL,1,2,7609,26,25,95,158,124,12,0,0,1998,71008,108,8,99,0,0,0,0,,,0,0,0,0,0
2010,4,Buffalo,Bills,BUF,1,1,13539,0,51,141,198,12,48,0,1,1973,73079,164,8,98,40,0,0,0,,,0,0,0,0,0
2010,5,Carolina,Panthers,CAR,2,3,10832,0,133,202,191,192,191,0,0,1996,73778,158,9,97,10,0,0,0,,,0,0,0,0,0
2010,6,Chicago,Bears,CHI,2,2,4552,11,22,42,200,56,3,0,0,2003,61500,133,9,99,0,0,0,0,,,0,0,0,0,0
2010,7,Cincinnati,Bengals,CIN,1,2,14086,251,79,20,0,0,0,0,1,2000,65515,114,9,98,0,0,0,0,,,0,0,0,0,0
2010,8,Dallas,Cowboys,DAL,2,1,17648,0,34,68,255,255,255,2,1,2009,80000,243,10,99,0,0,0,0,,,0,0,0,0,0
2010,9,Denver,Broncos,DEN,1,4,2139,0,34,68,251,79,20,0,1,2001,76125,106,9,99,0,0,0,0,,,0,0,0,0,0
2010,10,Detroit,Lions,DET,2,2,8418,0,118,182,176,183,188,1,1,2002,65000,120,9,76,0,0,0,0,,,0,0,0,0,0
2010,11,Green Bay,Packers,GB,2,2,20173,24,48,40,255,184,28,0,2,2003,72928,166,10,87,30,0,0,0,,,0,0,0,0,0
2010,12,Indianapolis,Colts,IND,1,3,5601,0,44,95,255,255,255,2,1,2008,67000,149,10,99,0,0,0,0,,,0,0,0,0,0
2010,13,Jacksonville,Jaguars,JAX,1,3,2767,0,103,127,215,162,42,0,0,1995,67246,75,6,74,0,0,0,0,,,0,0,0,0,0
2010,14,Kansas City,Chiefs,KC,1,4,9892,227,24,55,255,184,28,0,0,2010,76416,80,9,88,30,0,0,0,,,0,0,0,0,0
2010,15,Miami,Dolphins,MIA,1,1,2832,0,142,151,245,130,32,0,0,1987,75540,216,6,99,40,0,0,0,,,0,0,0,0,0
2010,16,Minnesota,Vikings,MIN,2,2,9342,79,38,131,255,198,47,1,1,1982,64121,115,2,99,80,0,0,0,,,0,0,0,0,0
2010,17,New England,Patriots,NE,1,1,7298,0,34,68,176,183,188,0,1,2002,68756,89,9,99,0,0,0,0,,,0,0,0,0,0
2010,18,New Orleans,Saints,NO,2,3,7053,162,141,91,16,24,31,1,1,1975,72968,137,3,92,30,0,0,0,,,0,0,0,0,0
2010,19,New York,Giants,NYG,2,1,12124,1,35,82,163,13,45,0,1,2010,82500,218,10,95,0,0,0,0,,,0,0,0,0,0
2010,20,New York,Jets,NYJ,1,1,12124,0,63,45,255,255,255,0,1,2010,82500,218,10,93,0,0,0,0,,,0,0,0,0,0
2010,21,Oakland,Raiders,OAK,1,4,1715,0,0,0,165,172,175,0,0,1966,63132,143,5,83,40,0,0,0,,,0,0,0,0,0
2010,22,Philadelphia,Eagles,PHI,2,1,16242,0,76,84,165,172,175,0,2,2003,69796,172,10,99,0,0,0,0,,,0,0,0,0,0
2010,23,Pittsburgh,Steelers,PIT,1,2,16249,16,24,32,255,182,18,0,0,2001,65050,129,9,93,0,0,0,0,,,0,0,0,0,0
2010,24,San Diego,Chargers,SD,1,4,1861,0,42,94,255,194,14,0,0,1967,70561,113,7,96,60,0,0,0,,,0,0,0,0,0
2010,25,Seattle,Seahawks,SEA,2,4,19869,0,48,135,0,106,56,0,1,2002,68000,82,10,99,0,0,0,0,,,0,0,0,0,0
2010,26,San Francisco,49ers,SF,2,4,1864,170,0,0,173,153,93,0,0,1960,69732,93,3,99,0,1,2014,1890,,,0,0,68500,176,75
2010,27,St. Louis,Rams,STL,2,4,10112,0,34,68,134,109,75,1,1,1995,70000,120,7,79,20,0,0,0,,,0,0,0,0,0
2010,28,Tampa Bay,Buccaneers,TB,2,3,2957,166,25,46,252,76,2,0,0,1998,65856,197,8,96,0,0,0,0,,,0,0,0,0,0
2010,29,Tennessee,Titans,TEN,1,3,17445,12,35,64,75,146,219,0,0,1999,69143,156,8,99,0,0,0,0,,,0,0,0,0,0
2010,30,Washington,Commanders,WAS,2,1,21049,63,16,16,255,182,18,0,0,1997,91704,243,9,99,0,0,0,0,,,0,0,0,0,0
2010,31,Cleveland,Browns,CLE,1,2,14092,52,38,36,236,86,20,0,0,1999,73200,143,7,99,0,0,0,0,,,0,0,0,0,0
2010,32,Houston,Texans,HOU,1,3,18061,3,32,47,167,25,48,2,1,2002,71054,165,9,98,0,0,0,0,,,0,0,0,0,0
2011,1,Arizona,Cardinals,ARI,2,4,993,151,35,63,255,182,18,2,0,2006,63400,88,10,99,0,0,0,0,,,0,0,0,0,0
2011,2,Atlanta,Falcons,ATL,2,3,3023,167,25,48,165,172,175,1,1,1992,74228,203,4,91,60,0,0,0,,,0,0,0,0,0
2011,3,Baltimore,Ravens,BAL,1,2,7609,26,25,95,158,124,12,0,0,1998,71008,108,8,99,0,0,0,0,,,0,0,0,0,0
2011,4,Buffalo,Bills,BUF,1,1,13539,0,51,141,198,12,48,0,1,1973,73079,164,8,88,40,0,0,0,,,0,0,0,0,0
2011,5,Carolina,Panthers,CAR,2,3,10832,0,133,202,191,192,191,0,0,1996,73778,158,8,96,10,0,0,0,,,0,0,0,0,0
2011,6,Chicago,Bears,CHI,2,2,4552,11,22,42,200,56,3,0,0,2003,61500,133,9,99,0,0,0,0,,,0,0,0,0,0
2011,7,Cincinnati,Bengals,CIN,1,2,14086,251,79,20,0,0,0,0,1,2000,65515,114,8,92,0,0,0,0,,,0,0,0,0,0
2011,8,Dallas,Cowboys,DAL,2,1,17648,0,34,68,255,255,255,2,1,2009,80000,243,10,99,0,0,0,0,,,0,0,0,0,0
2011,9,Denver,Broncos,DEN,1,4,2139,0,34,68,251,79,20,0,1,2001,76125,106,9,98,0,0,0,0,,,0,0,0,0,0
2011,10,Detroit,Lions,DET,2,2,8418,0,118,182,176,183,188,1,1,2002,65000,120,9,87,0,0,0,0,,,0,0,0,0,0
2011,11,Green Bay,Packers,GB,2,2,20173,24,48,40,255,184,28,0,2,2003,73094,166,10,87,30,0,0,0,,,0,0,0,0,0
2011,12,Indianapolis,Colts,IND,1,3,5601,0,44,95,255,255,255,2,1,2008,67000,149,10,99,0,0,0,0,,,0,0,0,0,0
2011,13,Jacksonville,Jaguars,JAX,1,3,2767,0,103,127,215,162,42,0,0,1995,67246,75,5,94,0,0,0,0,,,0,0,0,0,0
2011,14,Kansas City,Chiefs,KC,1,4,9892,227,24,55,255,184,28,0,0,2010,76416,80,9,89,30,0,0,0,,,0,0,0,0,0
2011,15,Miami,Dolphins,MIA,1,1,2832,0,142,151,245,130,32,0,0,1987,75540,216,5,99,40,0,0,0,,,0,0,0,0,0
2011,16,Minnesota,Vikings,MIN,2,2,9342,79,38,131,255,198,47,1,1,1982,64121,115,2,99,80,0,0,0,,,0,0,0,0,0
2011,17,New England,Patriots,NE,1,1,7298,0,34,68,176,183,188,0,1,2002,68756,89,9,99,0,0,0,0,,,0,0,0,0,0
2011,18,New Orleans,Saints,NO,2,3,7053,162,141,91,16,24,31,1,1,2011,73208,137,3,92,30,0,0,0,,,0,0,0,0,0
2011,19,New York,Giants,NYG,2,1,12124,1,35,82,163,13,45,0,1,2010,82500,218,10,96,0,0,0,0,,,0,0,0,0,0
2011,20,New York,Jets,NYJ,1,1,12124,0,63,45,255,255,255,0,1,2010,82500,218,10,95,0,0,0,0,,,0,0,0,0,0
2011,21,Oakland,Raiders,OAK,1,4,1715,0,0,0,165,172,175,0,0,1966,63132,143,4,87,40,0,0,0,,,0,0,0,0,0
2011,22,Philadelphia,Eagles,PHI,2,1,16242,0,76,84,165,172,175,0,2,2003,69796,172,10,99,0,0,0,0,,,0,0,0,0,0
2011,23,Pittsburgh,Steelers,PIT,1,2,16249,16,24,32,255,182,18,0,0,2001,65500,129,9,92,0,0,0,0,,,0,0,0,0,0
2011,24,San Diego,Chargers,SD,1,4,1861,0,42,94,255,194,14,0,0,1967,70561,113,6,93,60,0,0,0,,,0,0,0,0,0
2011,25,Seattle,Seahawks,SEA,2,4,19869,0,48,135,0,106,56,0,1,2002,68000,82,10,99,0,0,0,0,,,0,0,0,0,0
2011,26,San Francisco,49ers,SF,2,4,1864,170,0,0,173,153,93,0,0,1960,69732,93,3,99,0,1,2014,1890,,,0,0,68500,176,75
2011,27,St. Louis,Rams,STL,2,4,10112,0,34,68,134,109,75,1,1,1995,70000,120,6,76,20,0,0,0,,,0,0,0,0,0
2011,28,Tampa Bay,Buccaneers,TB,2,3,2957,166,25,46,252,76,2,0,0,1998,65856,197,8,75,0,0,0,0,,,0,0,0,0,0
2011,29,Tennessee,Titans,TEN,1,3,17445,12,35,64,75,146,219,0,0,1999,69143,156,8,99,0,0,0,0,,,0,0,0,0,0
2011,30,Washington,Commanders,WAS,2,1,21049,63,16,16,255,182,18,0,0,1997,83000,243,8,99,0,0,0,0,,,0,0,0,0,0
2011,31,Cleveland,Browns,CLE,1,2,14092,52,38,36,236,86,20,0,0,1999,73200,143,7,97,0,0,0,0,,,0,0,0,0,0
2011,32,Houston,Texans,HOU,1,3,18061,3,32,47,167,25,48,2,1,2002,71054,165,9,98,0,0,0,0,,,0,0,0,0,0
2012,1,Arizona,Cardinals,ARI,2,4,993,151,35,63,255,182,18,2,0,2006,63400,88,10,97,0,0,0,0,,,0,0,0,0,0
2012,2,Atlanta,Falcons,ATL,2,3,3023,167,25,48,165,172,175,1,1,1992,74228,203,4,93,70,0,0,0,,,0,0,0,0,0
2012,3,Baltimore,Ravens,BAL,1,2,7609,26,25,95,158,124,12,0,0,1998,71008,108,8,99,0,0,0,0,,,0,0,0,0,0
2012,4,Buffalo,Bills,BUF,1,1,13539,0,51,141,198,12,48,0,1,1973,73079,164,8,88,40,0,0,0,,,0,0,0,0,0
2012,5,Carolina,Panthers,CAR,2,3,10832,0,133,202,191,192,191,0,0,1996,73778,158,8,96,10,0,0,0,,,0,0,0,0,0
2012,6,Chicago,Bears,CHI,2,2,4552,11,22,42,200,56,3,0,0,2003,61500,133,9,99,0,0,0,0,,,0,0,0,0,0
2012,7,Cincinnati,Bengals,CIN,1,2,14086,251,79,20,0,0,0,0,1,2000,65515,114,8,75,0,0,0,0,,,0,0,0,0,0
2012,8,Dallas,Cowboys,DAL,2,1,17648,0,34,68,255,255,255,2,1,2009,80000,243,10,99,0,0,0,0,,,0,0,0,0,0
2012,9,Denver,Broncos,DEN,1,4,2139,0,34,68,251,79,20,0,1,2001,76125,106,9,99,0,0,0,0,,,0,0,0,0,0
2012,10,Detroit,Lions,DET,2,2,8418,0,118,182,176,183,188,1,1,2002,65000,120,8,98,0,0,0,0,,,0,0,0,0,0
2012,11,Green Bay,Packers,GB,2,2,20173,24,48,40,255,184,28,0,2,2003,80750,166,10,87,30,0,0,0,,,0,0,0,0,0
2012,12,Indianapolis,Colts,IND,1,3,5601,0,44,95,255,255,255,2,1,2008,67000,149,10,97,0,0,0,0,,,0,0,0,0,0
2012,13,Jacksonville,Jaguars,JAX,1,3,2767,0,103,127,215,162,42,0,0,1995,67246,75,5,93,0,0,0,0,,,0,0,0,0,0
2012,14,Kansas City,Chiefs,KC,1,4,9892,227,24,55,255,184,28,0,0,2010,76416,80,9,94,30,0,0,0,,,0,0,0,0,0
2012,15,Miami,Dolphins,MIA,1,1,2832,0,142,151,245,130,32,0,0,1987,75540,216,5,93,40,0,0,0,,,0,0,0,0,0
2012,16,Minnesota,Vikings,MIN,2,2,9342,79,38,131,255,198,47,1,1,1982,64121,115,2,98,0,1,2016,9342,,,1,1,66655,150,75
2012,17,New England,Patriots,NE,1,1,7298,0,34,68,176,183,188,0,1,2002,68756,89,9,99,0,0,0,0,,,0,0,0,0,0
2012,18,New Orleans,Saints,NO,2,3,7053,162,141,91,16,24,31,1,1,2011,73208,137,3,96,30,0,0,0,,,0,0,0,0,0
2012,19,New York,Giants,NYG,2,1,12124,1,35,82,163,13,45,0,1,2010,82500,218,10,96,0,0,0,0,,,0,0,0,0,0
2012,20,New York,Jets,NYJ,1,1,12124,0,63,45,255,255,255,0,1,2010,82500,218,10,96,0,0,0,0,,,0,0,0,0,0
2012,21,Oakland,Raiders,OAK,1,4,1715,0,0,0,165,172,175,0,0,1966,63132,143,3,99,40,0,0,0,,,0,0,0,0,0
2012,22,Philadelphia,Eagles,PHI,2,1,16242,0,76,84,165,172,175,0,2,2003,69796,172,10,99,0,0,0,0,,,0,0,0,0,0
2012,23,Pittsburgh,Steelers,PIT,1,2,16249,16,24,32,255,182,18,0,0,2001,65500,129,9,92,0,0,0,0,,,0,0,0,0,0
2012,24,San Diego,Chargers,SD,1,4,1861,0,42,94,255,194,14,0,0,1967,70561,113,6,93,60,0,0,0,,,0,0,0,0,0
2012,25,Seattle,Seahawks,SEA,2,4,19869,0,34,68,105,190,40,0,1,2002,68000,82,10,98,0,0,0,0,,,0,0,0,0,0
2012,26,San Francisco,49ers,SF,2,4,1864,170,0,0,173,153,93,0,0,1960,69732,93,3,99,0,1,2014,1890,,,0,0,68500,176,75
2012,27,St. Louis,Rams,STL,2,4,10112,0,34,68,134,109,75,1,1,1995,70000,120,6,81,20,0,0,0,,,0,0,0,0,0
2012,28,Tampa Bay,Buccaneers,TB,2,3,2957,166,25,46,252,76,2,0,0,1998,65856,197,8,86,0,0,0,0,,,0,0,0,0,0
2012,29,Tennessee,Titans,TEN,1,3,17445,12,35,64,75,146,219,0,0,1999,69143,156,8,99,0,0,0,0,,,0,0,0,0,0
2012,30,Washington,Commanders,WAS,2,1,21049,63,16,16,255,182,18,0,0,1997,79000,243,7,94,0,0,0,0,,,0,0,0,0,0
2012,31,Cleveland,Browns,CLE,1,2,14092,52,38,36,236,86,20,0,0,1999,73200,143,7,97,0,0,0,0,,,0,0,0,0,0
2012,32,Houston,Texans,HOU,1,3,18061,3,32,47,167,25,48,2,1,2002,71054,165,9,99,0,0,0,0,,,0,0,0,0,0
2013,1,Arizona,Cardinals,ARI,2,4,993,151,35,63,255,182,18,2,0,2006,63400,88,10,96,0,0,0,0,,,0,0,0,0,0
2013,2,Atlanta,Falcons,ATL,2,3,3023,167,25,48,165,172,175,1,1,1992,74228,203,4,94,0,1,2017,3023,,,2,1,71000,180,80
2013,3,Baltimore,Ravens,BAL,1,2,7609,26,25,95,158,124,12,0,0,1998,71008,108,8,99,0,0,0,0,,,0,0,0,0,0
2013,4,Buffalo,Bills,BUF,1,1,13539,0,51,141,198,12,48,0,1,1973,73079,164,8,91,40,0,0,0,,,0,0,0,0,0
2013,5,Carolina,Panthers,CAR,2,3,10832,0,133,202,191,192,191,0,0,1996,73778,158,7,97,10,0,0,0,,,0,0,0,0,0
2013,6,Chicago,Bears,CHI,2,2,4552,11,22,42,200,56,3,0,0,2003,61500,133,9,99,0,0,0,0,,,0,0,0,0,0
2013,7,Cincinnati,Bengals,CIN,1,2,14086,251,79,20,0,0,0,0,1,2000,65515,114,7,93,0,0,0,0,,,0,0,0,0,0
2013,8,Dallas,Cowboys,DAL,2,1,17648,0,34,68,255,255,255,2,1,2009,80000,243,10,99,0,0,0,0,,,0,0,0,0,0
2013,9,Denver,Broncos,DEN,1,4,2139,0,34,68,251,79,20,0,1,2001,76125,106,9,99,0,0,0,0,,,0,0,0,0,0
2013,10,Detroit,Lions,DET,2,2,8418,0,118,182,176,183,188,1,1,2002,65000,120,8,98,0,0,0,0,,,0,0,0,0,0
2013,11,Green Bay,Packers,GB,2,2,20173,24,48,40,255,184,28,0,2,2003,80750,166,10,87,30,0,0,0,,,0,0,0,0,0
2013,12,Indianapolis,Colts,IND,1,3,5601,0,44,95,255,255,255,2,1,2008,67000,149,10,97,0,0,0,0,,,0,0,0,0,0
2013,13,Jacksonville,Jaguars,JAX,1,3,2767,0,103,120,215,162,42,0,0,1995,67246,75,5,97,0,0,0,0,,,0,0,0,0,0
2013,14,Kansas City,Chiefs,KC,1,4,9892,227,24,55,255,184,28,0,0,2010,76416,80,9,90,30,0,0,0,,,0,0,0,0,0
2013,15,Miami,Dolphins,MIA,1,1,2832,0,142,151,245,130,32,0,0,1987,75540,216,4,88,40,0,0,0,,,0,0,0,0,0
2013,16,Minnesota,Vikings,MIN,2,2,9342,79,38,131,255,198,47,1,1,1982,64121,115,2,95,0,1,2016,9342,,,1,1,66655,150,75
2013,17,New England,Patriots,NE,1,1,7298,0,34,68,176,183,188,0,1,2002,68756,89,9,99,0,0,0,0,,,0,0,0,0,0
2013,18,New Orleans,Saints,NO,2,3,7053,162,141,91,16,24,31,1,1,2011,73208,137,3,95,30,0,0,0,,,0,0,0,0,0
2013,19,New York,Giants,NYG,2,1,12124,1,35,82,163,13,45,0,1,2010,82500,218,10,98,0,0,0,0,,,0,0,0,0,0
2013,20,New York,Jets,NYJ,1,1,12124,0,63,45,255,255,255,0,1,2010,82500,218,10,96,0,0,0,0,,,0,0,0,0,0
2013,21,Oakland,Raiders,OAK,1,4,1715,0,0,0,165,172,175,0,0,1966,53286,143,2,99,40,0,0,0,,,0,0,0,0,0
2013,22,Philadelphia,Eagles,PHI,2,1,16242,0,76,84,165,172,175,0,2,2003,69796,172,10,99,0,0,0,0,,,0,0,0,0,0
2013,23,Pittsburgh,Steelers,PIT,1,2,16249,16,24,32,255,182,18,0,0,2001,65500,129,9,89,0,0,0,0,,,0,0,0,0,0
2013,24,San Diego,Chargers,SD,1,4,1861,0,42,94,255,194,14,0,0,1967,70561,113,5,85,60,0,0,0,,,0,0,0,0,0
2013,25,Seattle,Seahawks,SEA,2,4,19869,0,34,68,105,190,40,0,1,2002,68000,82,10,99,0,0,0,0,,,0,0,0,0,0
2013,26,San Francisco,49ers,SF,2,4,1864,170,0,0,173,153,93,0,0,1960,69732,93,3,99,0,1,2014,1890,,,0,0,68500,176,75
2013,27,St. Louis,Rams,STL,2,4,10112,0,34,68,134,109,75,1,1,1995,70000,120,5,81,20,0,0,0,,,0,0,0,0,0
2013,28,Tampa Bay,Buccaneers,TB,2,3,2957,213,10,10,255,121,0,0,0,1998,65890,197,8,84,0,0,0,0,,,0,0,0,0,0
2013,29,Tennessee,Titans,TEN,1,3,17445,12,35,64,75,146,219,0,0,1999,69143,156,8,99,0,0,0,0,,,0,0,0,0,0
2013,30,Washington,Commanders,WAS,2,1,21049,63,16,16,255,182,18,0,0,1997,79000,243,6,97,0,0,0,0,,,0,0,0,0,0
2013,31,Cleveland,Browns,CLE,1,2,14092,52,38,36,236,86,20,0,0,1999,73200,143,7,98,0,0,0,0,,,0,0,0,0,0
2013,32,Houston,Texans,HOU,1,3,18061,3,32,47,167,25,48,2,1,2002,71054,165,9,99,0,0,0,0,,,0,0,0,0,0
2014,1,Arizona,Cardinals,ARI,2,4,993,151,35,63,255,182,18,2,0,2006,63400,88,9,96,0,0,0,0,,,0,0,0,0,0
2014,2,Atlanta,Falcons,ATL,2,3,3023,167,25,48,165,172,175,1,1,1992,74228,203,4,95,0,1,2017,3023,,,2,1,71000,180,80
2014,3,Baltimore,Ravens,BAL,1,2,7609,26,25,95,158,124,12,0,0,1998,71008,108,8,99,0,0,0,0,,,0,0,0,0,0
2014,4,Buffalo,Bills,BUF,1,1,13539,0,51,141,198,12,48,0,1,1973,71857,164,7,93,40,0,0,0,,,0,0,0,0,0
2014,5,Carolina,Panthers,CAR,2,3,10832,0,133,202,191,192,191,0,0,1996,74455,158,7,97,10,0,0,0,,,0,0,0,0,0
2014,6,Chicago,Bears,CHI,2,2,4552,11,22,42,200,56,3,0,0,2003,61500,133,9,99,0,0,0,0,,,0,0,0,0,0
2014,7,Cincinnati,Bengals,CIN,1,2,14086,251,79,20,0,0,0,0,1,2000,65515,114,7,97,0,0,0,0,,,0,0,0,0,0
2014,8,Dallas,Cowboys,DAL,2,1,17648,0,34,68,255,255,255,2,1,2009,80000,243,10,99,0,0,0,0,,,0,0,0,0,0
2014,9,Denver,Broncos,DEN,1,4,2139,0,34,68,251,79,20,0,1,2001,76125,106,9,99,0,0,0,0,,,0,0,0,0,0
2014,10,Detroit,Lions,DET,2,2,8418,0,118,182,176,183,188,1,1,2002,65000,120,8,98,0,0,0,0,,,0,0,0,0,0
2014,11,Green Bay,Packers,GB,2,2,20173,24,48,40,255,184,28,0,2,2003,81435,166,10,96,30,0,0,0,,,0,0,0,0,0
2014,12,Indianapolis,Colts,IND,1,3,5601,0,44,95,255,255,255,2,1,2008,67000,149,10,98,0,0,0,0,,,0,0,0,0,0
2014,13,Jacksonville,Jaguars,JAX,1,3,2767,0,103,120,215,162,42,0,0,1995,67297,75,5,89,0,0,0,0,,,0,0,0,0,0
2014,14,Kansas City,Chiefs,KC,1,4,9892,227,24,55,255,184,28,0,0,2010,76416,80,8,99,30,0,0,0,,,0,0,0,0,0
2014,15,Miami,Dolphins,MIA,1,1,2832,0,142,151,245,130,32,0,0,1987,75540,216,4,98,40,0,0,0,,,0,0,0,0,0
2014,16,Minnesota,Vikings,MIN,2,2,9342,79,38,131,255,198,47,0,1,2009,50805,37,7,99,0,1,2016,9342,,,1,1,66655,150,75
2014,17,New England,Patriots,NE,1,1,7298,0,34,68,176,183,188,0,1,2002,68756,89,9,99,0,0,0,0,,,0,0,0,0,0
2014,18,New Orleans,Saints,NO,2,3,7053,162,141,91,16,24,31,1,1,2011,73208,137,3,95,30,0,0,0,,,0,0,0,0,0
2014,19,New York,Giants,NYG,2,1,12124,1,35,82,163,13,45,0,1,2010,82500,218,10,97,0,0,0,0,,,0,0,0,0,0
2014,20,New York,Jets,NYJ,1,1,12124,0,63,45,255,255,255,0,1,2010,82500,218,10,93,0,0,0,0,,,0,0,0,0,0
2014,21,Oakland,Raiders,OAK,1,4,1715,0,0,0,165,172,175,0,0,1966,56057,143,2,95,40,0,0,0,,,0,0,0,0,0
2014,22,Philadelphia,Eagles,PHI,2,1,16242,0,76,84,165,172,175,0,2,2003,69796,172,10,99,0,0,0,0,,,0,0,0,0,0
2014,23,Pittsburgh,Steelers,PIT,1,2,16249,16,24,32,255,182,18,0,0,2001,65500,129,9,84,0,0,0,0,,,0,0,0,0,0
2014,24,San Diego,Chargers,SD,1,4,1861,0,42,94,255,194,14,0,0,1967,70561,113,5,91,60,0,0,0,,,0,0,0,0,0
2014,25,Seattle,Seahawks,SEA,2,4,19869,0,34,68,105,190,40,0,1,2002,68000,82,9,99,0,0,0,0,,,0,0,0,0,0
2014,26,San Francisco,49ers,SF,2,4,1890,170,0,0,173,153,93,0,0,2014,68500,174,10,99,0,0,0,0,,,0,0,0,0,0
2014,27,St. Louis,Rams,STL,2,4,10112,0,34,68,134,109,75,1,1,1995,70000,120,5,81,20,1,2016,1594,Los Angeles,LAR,0,0,93607,10,0
2014,28,Tampa Bay,Buccaneers,TB,2,3,2957,213,10,10,255,121,0,0,0,1998,65890,197,8,89,0,0,0,0,,,0,0,0,0,0
2014,29,Tennessee,Titans,TEN,1,3,17445,12,35,64,75,146,219,0,0,1999,69143,156,8,99,0,0,0,0,,,0,0,0,0,0
2014,30,Washington,Commanders,WAS,2,1,21049,63,16,16,255,182,18,0,0,1997,79000,243,6,94,0,0,0,0,,,0,0,0,0,0
2014,31,Cleveland,Browns,CLE,1,2,14092,52,38,36,236,86,20,0,0,1999,73200,143,7,99,0,0,0,0,,,0,0,0,0,0
2014,32,Houston,Texans,HOU,1,3,18061,3,32,47,167,25,48,2,1,2002,71795,165,9,99,0,0,0,0,,,0,0,0,0,0
2015,1,Arizona,Cardinals,ARI,2,4,993,151,35,63,255,182,18,2,0,2006,63400,88,9,98,0,0,0,0,,,0,0,0,0,0
2015,2,Atlanta,Falcons,ATL,2,3,3023,167,25,48,165,172,175,1,1,1992,74228,203,4,95,0,1,2017,3023,,,2,1,71000,180,80
2015,3,Baltimore,Ravens,BAL,1,2,7609,26,25,95,158,124,12,0,0,1998,71008,108,8,99,0,0,0,0,,,0,0,0,0,0
2015,4,Buffalo,Bills,BUF,1,1,13539,0,51,141,198,12,48,0,1,1973,71870,164,7,94,40,0,0,0,,,0,0,0,0,0
2015,5,Carolina,Panthers,CAR,2,3,10832,0,133,202,191,192,191,0,0,1996,75419,158,7,98,10,0,0,0,,,0,0,0,0,0
2015,6,Chicago,Bears,CHI,2,2,4552,11,22,42,200,56,3,0,0,2003,61500,133,9,99,0,0,0,0,,,0,0,0,0,0
2015,7,Cincinnati,Bengals,CIN,1,2,14086,251,79,20,0,0,0,0,1,2000,65515,114,7,93,0,0,0,0,,,0,0,0,0,0
2015,8,Dallas,Cowboys,DAL,2,1,17648,0,34,68,255,255,255,2,1,2009,80000,243,10,99,0,0,0,0,,,0,0,0,0,0
2015,9,Denver,Broncos,DEN,1,4,2139,0,34,68,251,79,20,0,1,2001,76125,106,9,99,0,0,0,0,,,0,0,0,0,0
2015,10,Detroit,Lions,DET,2,2,8418,0,118,182,176,183,188,1,1,2002,65000,120,8,97,0,0,0,0,,,0,0,0,0,0
2015,11,Green Bay,Packers,GB,2,2,20173,24,48,40,255,184,28,0,2,2015,81435,166,10,96,30,0,0,0,,,0,0,0,0,0
2015,12,Indianapolis,Colts,IND,1,3,5601,0,44,95,255,255,255,2,1,2008,67000,149,10,98,0,0,0,0,,,0,0,0,0,0
2015,13,Jacksonville,Jaguars,JAX,1,3,2767,0,103,120,215,162,42,0,0,1995,66851,75,5,94,0,0,0,0,,,0,0,0,0,0
2015,14,Kansas City,Chiefs,KC,1,4,9892,227,24,55,255,184,28,0,0,2010,76416,80,8,98,30,0,0,0,,,0,0,0,0,0
2015,15,Miami,Dolphins,MIA,1,1,2832,0,142,151,245,130,32,0,0,1987,75540,216,4,99,40,0,0,0,,,0,0,0,0,0
2015,16,Minnesota,Vikings,MIN,2,2,9342,79,38,131,255,198,47,0,1,2009,50805,37,7,99,0,1,2016,9342,,,1,1,66655,150,75
2015,17,New England,Patriots,NE,1,1,7298,0,34,68,176,183,188,0,1,2002,65878,89,9,99,0,0,0,0,,,0,0,0,0,0
2015,18,New Orleans,Saints,NO,2,3,7053,162,141,91,16,24,31,1,1,2011,73208,137,3,96,30,0,0,0,,,0,0,0,0,0
2015,19,New York,Giants,NYG,2,1,12124,1,35,82,163,13,45,0,1,2010,82500,218,10,96,0,0,0,0,,,0,0,0,0,0
2015,20,New York,Jets,NYJ,1,1,12124,0,63,45,255,255,255,0,1,2010,82500,218,10,95,0,0,0,0,,,0,0,0,0,0
2015,21,Oakland,Raiders,OAK,1,4,1715,0,0,0,165,172,175,0,0,1966,56057,143,2,99,0,1,2020,21050,Las Vegas,LV,1,0,65000,100,100
2015,22,Philadelphia,Eagles,PHI,2,1,16242,0,76,84,165,172,175,0,2,2003,69796,172,10,99,0,0,0,0,,,0,0,0,0,0
2015,23,Pittsburgh,Steelers,PIT,1,2,16249,16,24,32,255,182,18,0,0,2001,68400,129,9,91,0,0,0,0,,,0,0,0,0,0
2015,24,San Diego,Chargers,SD,1,4,1861,0,42,94,255,194,14,0,0,1967,70561,113,5,93,0,1,2017,1273,Los Angeles,LAC,0,0,26000,40,0
2015,25,Seattle,Seahawks,SEA,2,4,19869,0,34,68,105,190,40,0,1,2002,68000,82,9,99,0,0,0,0,,,0,0,0,0,0
2015,26,San Francisco,49ers,SF,2,4,1890,170,0,0,173,153,93,0,0,2014,68500,174,10,99,0,0,0,0,,,0,0,0,0,0
2015,27,St. Louis,Rams,STL,2,4,10112,0,34,68,134,109,75,1,1,1995,70000,120,5,81,0,1,2016,1594,Los Angeles,LAR,0,0,93607,10,0
2015,28,Tampa Bay,Buccaneers,TB,2,3,2957,213,10,10,255,121,0,0,0,1998,65890,197,8,91,0,0,0,0,,,0,0,0,0,0
2015,29,Tennessee,Titans,TEN,1,3,17445,12,35,64,75,146,219,0,0,1999,69143,156,8,99,0,0,0,0,,,0,0,0,0,0
2015,30,Washington,Commanders,WAS,2,1,21049,63,16,16,255,182,18,0,0,1997,79000,243,6,95,0,0,0,0,,,0,0,0,0,0
2015,31,Cleveland,Browns,CLE,1,2,14092,49,29,0,255,60,0,0,0,1999,67431,143,7,99,0,0,0,0,,,0,0,0,0,0
2015,32,Houston,Texans,HOU,1,3,18061,3,32,47,167,25,48,2,1,2002,71795,165,9,99,0,0,0,0,,,0,0,0,0,0
2016,1,Arizona,Cardinals,ARI,2,4,993,151,35,63,255,182,18,2,0,2006,63400,88,9,99,0,0,0,0,,,0,0,0,0,0
2016,2,Atlanta,Falcons,ATL,2,3,3023,167,25,48,165,172,175,1,1,1992,74228,203,3,95,0,1,2017,3023,,,2,1,71000,180,80
2016,3,Baltimore,Ravens,BAL,1,2,7609,26,25,95,158,124,12,0,0,1998,71008,108,8,99,0,0,0,0,,,0,0,0,0,0
2016,4,Buffalo,Bills,BUF,1,1,13539,0,51,141,198,12,48,0,1,1973,71608,164,6,98,40,0,0,0,,,0,0,0,0,0
2016,5,Carolina,Panthers,CAR,2,3,10832,0,133,202,191,192,191,0,0,1996,75419,158,7,98,10,0,0,0,,,0,0,0,0,0
2016,6,Chicago,Bears,CHI,2,2,4552,11,22,42,200,56,3,0,0,2003,61500,133,8,99,0,0,0,0,,,0,0,0,0,0
2016,7,Cincinnati,Bengals,CIN,1,2,14086,251,79,20,0,0,0,0,1,2000,65515,114,6,94,0,0,0,0,,,0,0,0,0,0
2016,8,Dallas,Cowboys,DAL,2,1,17648,0,34,68,255,255,255,2,1,2009,80000,243,10,99,0,0,0,0,,,0,0,0,0,0
2016,9,Denver,Broncos,DEN,1,4,2139,0,34,68,251,79,20,0,0,2001,76125,106,8,99,0,0,0,0,,,0,0,0,0,0
2016,10,Detroit,Lions,DET,2,2,8418,0,118,182,176,183,188,1,1,2002,65000,120,8,94,0,0,0,0,,,0,0,0,0,0
2016,11,Green Bay,Packers,GB,2,2,20173,24,48,40,255,184,28,0,2,2015,81441,166,10,96,30,0,0,0,,,0,0,0,0,0
2016,12,Indianapolis,Colts,IND,1,3,5601,0,44,95,255,255,255,2,1,2008,67000,149,9,99,0,0,0,0,,,0,0,0,0,0
2016,13,Jacksonville,Jaguars,JAX,1,3,2767,0,103,120,215,162,42,0,0,1995,64428,75,8,91,0,0,0,0,,,0,0,0,0,0
2016,14,Kansas City,Chiefs,KC,1,4,9892,227,24,55,255,184,28,0,0,2010,76416,80,9,97,30,0,0,0,,,0,0,0,0,0
2016,15,Miami,Dolphins,MIA,1,1,2832,0,142,151,245,130,32,0,0,2016,64767,216,4,99,50,0,0,0,,,0,0,0,0,0
2016,16,Minnesota,Vikings,MIN,2,2,9342,79,38,131,255,198,47,1,1,2016,66655,131,10,79,0,0,0,0,,,0,0,0,0,0
2016,17,New England,Patriots,NE,1,1,7298,0,34,68,176,183,188,0,1,2002,65878,89,8,99,0,0,0,0,,,0,0,0,0,0
2016,18,New Orleans,Saints,NO,2,3,7053,162,141,91,16,24,31,1,1,2011,73208,137,7,96,30,0,0,0,,,0,0,0,0,0
2016,19,New York,Giants,NYG,2,1,12124,1,35,82,163,13,45,0,1,2010,82500,218,9,96,0,0,0,0,,,0,0,0,0,0
2016,20,New York,Jets,NYJ,1,1,12124,0,63,45,255,255,255,0,1,2010,82500,218,9,95,0,0,0,0,,,0,0,0,0,0
2016,21,Oakland,Raiders,OAK,1,4,1715,0,0,0,165,172,175,0,0,1966,56057,143,1,99,0,1,2020,21050,Las Vegas,LV,1,0,65000,100,100
2016,22,Philadelphia,Eagles,PHI,2,1,16242,0,76,84,165,172,175,0,2,2003,69796,172,9,99,0,0,0,0,,,0,0,0,0,0
2016,23,Pittsburgh,Steelers,PIT,1,2,16249,16,24,32,255,182,18,0,0,2001,68400,129,9,94,0,0,0,0,,,0,0,0,0,0
2016,24,San Diego,Chargers,SD,1,4,1861,0,42,94,255,194,14,0,0,1967,70561,113,2,95,0,1,2017,1273,Los Angeles,LAC,0,0,26000,40,0
2016,25,Seattle,Seahawks,SEA,2,4,19869,0,34,68,105,190,40,0,1,2002,68000,82,9,99,0,0,0,0,,,0,0,0,0,0
2016,26,San Francisco,49ers,SF,2,4,1890,170,0,0,173,153,93,0,0,2014,68500,174,10,99,0,0,0,0,,,0,0,0,0,0
2016,27,Los Angeles,Guardians,LAR,2,4,1594,0,34,68,255,163,0,0,0,1923,93607,10,5,56,0,1,2020,1505,,,1,1,70240,260,100
2016,28,Tampa Bay,Buccaneers,TB,2,3,2957,213,10,10,255,121,0,0,0,1998,65618,197,7,93,0,0,0,0,,,0,0,0,0,0
2016,29,Tennessee,Titans,TEN,1,3,17445,12,35,64,75,146,219,0,0,1999,69143,156,7,90,0,0,0,0,,,0,0,0,0,0
2016,30,Washington,Commanders,WAS,2,1,21049,63,16,16,255,182,18,0,0,1997,82000,243,5,93,0,0,0,0,,,0,0,0,0,0
2016,31,Cleveland,Browns,CLE,1,2,14092,49,29,0,255,60,0,0,0,1999,67431,143,8,97,0,0,0,0,,,0,0,0,0,0
2016,32,Houston,Texans,HOU,1,3,18061,3,32,47,167,25,48,2,1,2002,71795,165,9,99,0,0,0,0,,,0,0,0,0,0
2017,1,Arizona,Cardinals,ARI,2,4,993,151,35,63,255,182,18,2,0,2006,63400,88,9,99,0,0,0,0,,,0,0,0,0,0
2017,2,Atlanta,Falcons,ATL,2,3,3023,167,25,48,165,172,175,2,1,2017,71000,180,10,99,0,0,0,0,,,0,0,0,0,0
2017,3,Baltimore,Ravens,BAL,1,2,7609,26,25,95,158,124,12,0,0,1998,71008,108,8,99,0,0,0,0,,,0,0,0,0,0
2017,4,Buffalo,Bills,BUF,1,1,13539,0,51,141,198,12,48,0,1,1973,71608,164,6,96,30,0,0,0,,,0,0,0,0,0
2017,5,Carolina,Panthers,CAR,2,3,10832,0,133,202,191,192,191,0,0,1996,75523,158,9,98,10,0,0,0,,,0,0,0,0,0
2017,6,Chicago,Bears,CHI,2,2,4552,11,22,42,200,56,3,0,0,2003,61500,133,8,98,0,0,0,0,,,0,0,0,0,0
2017,7,Cincinnati,Bengals,CIN,1,2,14086,251,79,20,0,0,0,0,1,2000,65515,114,6,92,0,0,0,0,,,0,0,0,0,0
2017,8,Dallas,Cowboys,DAL,2,1,17648,0,34,68,255,255,255,2,1,2009,80000,243,10,99,0,0,0,0,,,0,0,0,0,0
2017,9,Denver,Broncos,DEN,1,4,2139,0,34,68,251,79,20,0,0,2001,76125,106,8,99,0,0,0,0,,,0,0,0,0,0
2017,10,Detroit,Lions,DET,2,2,8418,0,118,182,176,183,188,1,1,2002,65000,120,8,94,0,0,0,0,,,0,0,0,0,0
2017,11,Green Bay,Packers,GB,2,2,20173,24,48,40,255,184,28,0,2,2015,81441,166,10,96,30,0,0,0,,,0,0,0,0,0
2017,12,Indianapolis,Colts,IND,1,3,5601,0,44,95,255,255,255,2,1,2008,67000,149,9,98,0,0,0,0,,,0,0,0,0,0
2017,13,Jacksonville,Jaguars,JAX,1,3,2767,0,103,120,215,162,42,0,0,1995,64428,75,8,92,0,0,0,0,,,0,0,0,0,0
2017,14,Kansas City,Chiefs,KC,1,4,9892,227,24,55,255,184,28,0,0,2010,76416,80,9,96,40,0,0,0,,,0,0,0,0,0
2017,15,Miami,Dolphins,MIA,1,1,2832,0,142,151,245,130,32,0,0,2016,64767,216,4,99,50,0,0,0,,,0,0,0,0,0
2017,16,Minnesota,Vikings,MIN,2,2,9342,79,38,131,255,198,47,1,1,2016,66655,131,10,99,0,0,0,0,,,0,0,0,0,0
2017,17,New England,Patriots,NE,1,1,7298,0,34,68,176,183,188,0,1,2002,65878,89,8,99,0,0,0,0,,,0,0,0,0,0
2017,18,New Orleans,Saints,NO,2,3,7053,162,141,91,16,24,31,1,1,2011,73208,137,7,96,40,0,0,0,,,0,0,0,0,0
2017,19,New York,Giants,NYG,2,1,12124,1,35,82,163,13,45,0,1,2010,82500,218,9,96,0,0,0,0,,,0,0,0,0,0
2017,20,New York,Jets,NYJ,1,1,12124,0,63,45,255,255,255,0,1,2010,82500,218,9,95,0,0,0,0,,,0,0,0,0,0
2017,21,Oakland,Raiders,OAK,1,4,1715,0,0,0,165,172,175,0,0,1966,56057,143,1,99,0,1,2020,21050,Las Vegas,LV,1,0,65000,100,100
2017,22,Philadelphia,Eagles,PHI,2,1,16242,0,76,84,165,172,175,0,2,2003,69796,172,9,99,0,0,0,0,,,0,0,0,0,0
2017,23,Pittsburgh,Steelers,PIT,1,2,16249,16,24,32,255,182,18,0,0,2001,68400,129,9,94,0,0,0,0,,,0,0,0,0,0
2017,24,Los Angeles,Chargers,LAC,1,4,1273,0,128,198,255,194,14,0,0,2003,26000,40,5,98,0,1,2020,1505,,,1,1,70240,260,200
2017,25,Seattle,Seahawks,SEA,2,4,19869,0,34,68,105,190,40,0,1,2002,68000,82,9,99,0,0,0,0,,,0,0,0,0,0
2017,26,San Francisco,49ers,SF,2,4,1890,170,0,0,173,153,93,0,0,2014,68500,174,10,99,0,0,0,0,,,0,0,0,0,0
2017,27,Los Angeles,Guardians,LAG,2,4,1594,0,34,68,255,163,0,0,0,1923,93607,10,5,90,0,1,2020,1505,,,1,1,70240,260,100
2017,28,Tampa Bay,Buccaneers,TB,2,3,2957,213,10,10,255,121,0,0,0,1998,65618,197,7,92,0,0,0,0,,,0,0,0,0,0
2017,29,Tennessee,Titans,TEN,1,3,17445,12,35,64,75,146,219,0,0,1999,69143,156,7,94,0,0,0,0,,,0,0,0,0,0
2017,30,Washington,Commanders,WAS,2,1,21049,63,16,16,255,182,18,0,0,1997,82000,243,5,95,0,0,0,0,,,0,0,0,0,0
2017,31,Cleveland,Browns,CLE,1,2,14092,49,29,0,255,60,0,0,0,1999,67431,143,8,95,0,0,0,0,,,0,0,0,0,0
2017,32,Houston,Texans,HOU,1,3,18061,3,32,47,167,25,48,2,1,2002,71795,165,9,99,0,0,0,0,,,0,0,0,0,0
2018,1,Arizona,Cardinals,ARI,2,4,993,151,35,63,255,182,18,2,0,2006,63400,88,9,97,0,0,0,0,,,0,0,0,0,0
2018,2,Atlanta,Falcons,ATL,2,3,3023,167,25,48,165,172,175,2,1,2017,71000,180,10,99,0,0,0,0,,,0,0,0,0,0
2018,3,Baltimore,Ravens,BAL,1,2,7609,26,25,95,158,124,12,0,0,1998,71008,108,8,99,0,0,0,0,,,0,0,0,0,0
2018,4,Buffalo,Bills,BUF,1,1,13539,0,51,141,198,12,48,0,1,1973,71608,164,6,91,30,0,0,0,,,0,0,0,0,0
2018,5,Carolina,Panthers,CAR,2,3,10832,0,133,202,191,192,191,0,0,1996,75523,158,9,97,10,0,0,0,,,0,0,0,0,0
2018,6,Chicago,Bears,CHI,2,2,4552,11,22,42,200,56,3,0,0,2003,61500,133,8,99,0,0,0,0,,,0,0,0,0,0
2018,7,Cincinnati,Bengals,CIN,1,2,14086,251,79,20,0,0,0,0,1,2000,65515,114,6,77,0,0,0,0,,,0,0,0,0,0
2018,8,Dallas,Cowboys,DAL,2,1,17648,0,34,68,255,255,255,2,1,2009,80000,243,10,99,0,0,0,0,,,0,0,0,0,0
2018,9,Denver,Broncos,DEN,1,4,2139,0,34,68,251,79,20,0,0,2001,76125,106,8,99,0,0,0,0,,,0,0,0,0,0
2018,10,Detroit,Lions,DET,2,2,8418,0,118,182,176,183,188,1,1,2002,65000,120,8,96,0,0,0,0,,,0,0,0,0,0
2018,11,Green Bay,Packers,GB,2,2,20173,24,48,40,255,184,28,0,2,2015,81441,166,10,95,30,0,0,0,,,0,0,0,0,0
2018,12,Indianapolis,Colts,IND,1,3,5601,0,44,95,255,255,255,2,1,2008,67000,149,9,88,0,0,0,0,,,0,0,0,0,0
2018,13,Jacksonville,Jaguars,JAX,1,3,2767,0,103,120,215,162,42,0,0,1995,67814,75,8,98,0,0,0,0,,,0,0,0,0,0
2018,14,Kansas City,Chiefs,KC,1,4,9892,227,24,55,255,184,28,0,0,2010,76416,80,9,99,40,0,0,0,,,0,0,0,0,0
2018,15,Miami,Dolphins,MIA,1,1,2832,0,142,151,252,76,2,0,0,2016,64767,216,4,99,40,0,0,0,,,0,0,0,0,0
2018,16,Minnesota,Vikings,MIN,2,2,9342,79,38,131,255,198,47,1,1,2016,66860,131,10,99,0,0,0,0,,,0,0,0,0,0
2018,17,New England,Patriots,NE,1,1,7298,0,34,68,176,183,188,0,1,2002,65878,89,8,98,0,0,0,0,,,0,0,0,0,0
2018,18,New Orleans,Saints,NO,2,3,7053,162,141,91,16,24,31,1,1,2011,73208,137,7,99,30,0,0,0,,,0,0,0,0,0
2018,19,New York,Giants,NYG,2,1,12124,1,35,82,163,13,45,0,1,2010,82500,218,9,93,0,0,0,0,,,0,0,0,0,0
2018,20,New York,Jets,NYJ,1,1,12124,0,63,45,255,255,255,0,1,2010,82500,218,9,94,0,0,0,0,,,0,0,0,0,0
2018,21,Oakland,Raiders,OAK,1,4,1715,0,0,0,165,172,175,0,0,1966,56057,143,1,99,0,1,2020,21050,Las Vegas,LV,1,0,65000,100,100
2018,22,Philadelphia,Eagles,PHI,2,1,16242,0,76,84,165,172,175,0,2,2003,69796,172,9,99,0,0,0,0,,,0,0,0,0,0
2018,23,Pittsburgh,Steelers,PIT,1,2,16249,16,24,32,255,182,18,0,0,2001,68400,129,9,92,0,0,0,0,,,0,0,0,0,0
2018,24,Los Angeles,Chargers,LAC,1,4,1273,0,128,198,255,194,14,0,0,2003,26000,40,5,99,0,1,2020,1505,,,1,1,70240,260,200
2018,25,Seattle,Seahawks,SEA,2,4,19869,0,34,68,105,190,40,0,1,2002,68000,82,9,99,0,0,0,0,,,0,0,0,0,0
2018,26,San Francisco,49ers,SF,2,4,1890,170,0,0,173,153,93,0,0,2014,68500,174,10,99,0,0,0,0,,,0,0,0,0,0
2018,27,Los Angeles,Guardians,LAG,2,4,1594,0,34,68,255,163,0,0,0,1923,78500,10,5,92,0,1,2020,1505,,,1,1,70240,260,100
2018,28,Tampa Bay,Buccaneers,TB,2,3,2957,213,10,10,255,121,0,0,0,1998,65618,197,7,82,0,0,0,0,,,0,0,0,0,0
2018,29,Tennessee,Titans,TEN,1,3,17445,12,35,64,75,146,219,0,0,1999,69143,156,7,93,0,0,0,0,,,0,0,0,0,0
2018,30,Washington,Commanders,WAS,2,1,21049,63,16,16,255,182,18,0,0,1997,82000,243,5,74,10,0,0,0,,,0,0,0,0,0
2018,31,Cleveland,Browns,CLE,1,2,14092,49,29,0,255,60,0,0,0,1999,67431,143,8,96,0,0,0,0,,,0,0,0,0,0
2018,32,Houston,Texans,HOU,1,3,18061,3,32,47,167,25,48,2,1,2002,72220,165,9,99,0,0,0,0,,,0,0,0,0,0
2019,1,Arizona,Cardinals,ARI,2,4,993,151,35,63,255,182,18,2,0,2006,63400,88,9,97,0,0,0,0,,,0,0,0,0,0
2019,2,Atlanta,Falcons,ATL,2,3,3023,167,25,48,165,172,175,2,1,2017,71000,180,10,99,0,0,0,0,,,0,0,0,0,0
2019,3,Baltimore,Ravens,BAL,1,2,7609,26,25,95,158,124,12,0,0,1998,71008,108,8,99,0,0,0,0,,,0,0,0,0,0
2019,4,Buffalo,Bills,BUF,1,1,13539,0,51,141,198,12,48,0,1,1973,71608,164,6,91,50,0,0,0,,,0,0,0,0,0
2019,5,Carolina,Panthers,CAR,2,3,10832,0,133,202,191,192,191,0,0,1996,75523,158,9,97,10,0,0,0,,,0,0,0,0,0
2019,6,Chicago,Bears,CHI,2,2,4552,11,22,42,200,56,3,0,0,2003,61500,133,8,99,0,0,0,0,,,0,0,0,0,0
2019,7,Cincinnati,Bengals,CIN,1,2,14086,251,79,20,0,0,0,0,1,2000,65515,114,6,77,0,0,0,0,,,0,0,0,0,0
2019,8,Dallas,Cowboys,DAL,2,1,17648,0,34,68,255,255,255,2,1,2009,80000,243,10,99,0,0,0,0,,,0,0,0,0,0
2019,9,Denver,Broncos,DEN,1,4,2139,0,34,68,251,79,20,0,0,2001,76125,106,8,99,0,0,0,0,,,0,0,0,0,0
2019,10,Detroit,Lions,DET,2,2,8418,0,118,182,176,183,188,1,1,2002,65000,120,8,96,0,0,0,0,,,0,0,0,0,0
2019,11,Green Bay,Packers,GB,2,2,20173,24,48,40,255,184,28,0,2,2015,81441,168,10,95,30,0,0,0,,,0,0,0,0,0
2019,12,Indianapolis,Colts,IND,1,3,5601,0,44,95,255,255,255,2,1,2008,67000,149,9,88,0,0,0,0,,,0,0,0,0,0
2019,13,Jacksonville,Jaguars,JAX,1,3,2767,0,103,120,215,162,42,0,0,1995,67814,75,8,98,0,0,0,0,,,0,0,0,0,0
2019,14,Kansas City,Chiefs,KC,1,4,9892,227,24,55,255,184,28,0,0,2010,76416,80,9,99,40,0,0,0,,,0,0,0,0,0
2019,15,Miami,Dolphins,MIA,1,1,2832,0,142,151,252,76,2,0,0,2016,64767,216,4,99,25,0,0,0,,,0,0,0,0,0
2019,16,Minnesota,Vikings,MIN,2,2,9342,79,38,131,255,198,47,1,1,2016,66860,131,10,99,0,0,0,0,,,0,0,0,0,0
2019,17,New England,Patriots,NE,1,1,7298,0,34,68,176,183,188,0,1,2002,65878,89,8,98,0,0,0,0,,,0,0,0,0,0
2019,18,New Orleans,Saints,NO,2,3,7053,162,141,91,16,24,31,1,1,2011,73208,137,7,99,30,0,0,0,,,0,0,0,0,0
2019,19,New York,Giants,NYG,2,1,12124,1,35,82,163,13,45,0,1,2010,82500,218,9,93,0,0,0,0,,,0,0,0,0,0
2019,20,New York,Jets,NYJ,1,1,12124,18,87,64,0,0,0,0,1,2010,82500,218,9,94,0,0,0,0,,,0,0,0,0,0
2019,21,Oakland,Raiders,OAK,1,4,1715,0,0,0,165,172,175,0,0,1966,56057,143,1,99,0,1,2020,21050,Las Vegas,LV,1,0,65000,100,100
2019,22,Philadelphia,Eagles,PHI,2,1,16242,0,76,84,165,172,175,0,2,2003,69796,172,9,99,0,0,0,0,,,0,0,0,0,0
2019,23,Pittsburgh,Steelers,PIT,1,2,16249,16,24,32,255,182,18,0,0,2001,68400,129,9,92,0,0,0,0,,,0,0,0,0,0
2019,24,Los Angeles,Chargers,LAC,1,4,1273,0,128,198,255,194,14,0,0,2003,27000,40,5,99,0,1,2020,1505,,,1,1,70240,260,200
2019,25,Seattle,Seahawks,SEA,2,4,19869,0,34,68,105,190,40,0,1,2002,68740,82,9,99,0,0,0,0,,,0,0,0,0,0
2019,26,San Francisco,49ers,SF,2,4,1890,170,0,0,173,153,93,0,0,2014,68500,174,10,99,0,0,0,0,,,0,0,0,0,0
2019,27,Los Angeles,Guardians,LAG,2,4,1594,0,53,148,255,163,0,0,0,1923,78500,10,5,92,0,1,2020,1505,,,1,1,70240,260,100
2019,28,Tampa Bay,Buccaneers,TB,2,3,2957,213,10,10,255,121,0,0,0,1998,65618,197,7,82,0,0,0,0,,,0,0,0,0,0
2019,29,Tennessee,Titans,TEN,1,3,17445,12,35,64,75,146,219,0,0,1999,69143,156,7,93,0,0,0,0,,,0,0,0,0,0
2019,30,Washington,Commanders,WAS,2,1,21049,63,16,16,255,182,18,0,0,1997,82000,243,5,74,10,0,0,0,,,0,0,0,0,0
2019,31,Cleveland,Browns,CLE,1,2,14092,49,29,0,255,60,0,0,0,1999,67431,143,8,96,0,0,0,0,,,0,0,0,0,0
2019,32,Houston,Texans,HOU,1,3,18061,3,32,47,167,25,48,2,1,2002,72220,165,9,99,0,0,0,0,,,0,0,0,0,0
2020,1,Arizona,Cardinals,ARI,2,4,993,151,35,63,255,182,18,2,0,2006,63400,88,9,97,0,0,0,0,,,0,0,0,0,0
2020,2,Atlanta,Falcons,ATL,2,3,3023,167,25,48,165,172,175,2,1,2017,71000,180,10,99,0,0,0,0,,,0,0,0,0,0
2020,3,Baltimore,Ravens,BAL,1,2,7609,26,25,95,158,124,12,0,0,1998,71008,108,8,99,0,0,0,0,,,0,0,0,0,0
2020,4,Buffalo,Bills,BUF,1,1,13539,0,51,141,198,12,48,0,1,1973,71608,164,6,91,50,0,0,0,,,0,0,0,0,0
2020,5,Carolina,Panthers,CAR,2,3,10832,0,133,202,191,192,191,0,0,1996,75523,158,9,97,10,0,0,0,,,0,0,0,0,0
2020,6,Chicago,Bears,CHI,2,2,4552,11,22,42,200,56,3,0,0,2003,61500,133,8,99,0,0,0,0,,,0,0,0,0,0
2020,7,Cincinnati,Bengals,CIN,1,2,14086,251,79,20,0,0,0,0,1,2000,65515,114,6,77,0,0,0,0,,,0,0,0,0,0
2020,8,Dallas,Cowboys,DAL,2,1,17648,0,34,68,255,255,255,2,1,2009,80000,243,10,99,0,0,0,0,,,0,0,0,0,0
2020,9,Denver,Broncos,DEN,1,4,2139,0,34,68,251,79,20,0,0,2001,76125,106,8,99,0,0,0,0,,,0,0,0,0,0
2020,10,Detroit,Lions,DET,2,2,8418,0,118,182,176,183,188,1,1,2002,65000,120,8,96,0,0,0,0,,,0,0,0,0,0
2020,11,Green Bay,Packers,GB,2,2,20173,24,48,40,255,184,28,0,2,2015,81441,168,10,95,30,0,0,0,,,0,0,0,0,0
2020,12,Indianapolis,Colts,IND,1,3,5601,0,44,95,255,255,255,2,1,2008,67000,149,9,88,0,0,0,0,,,0,0,0,0,0
2020,13,Jacksonville,Jaguars,JAX,1,3,2767,0,103,120,215,162,42,0,0,1995,67814,75,8,98,0,0,0,0,,,0,0,0,0,0
2020,14,Kansas City,Chiefs,KC,1,4,9892,227,24,55,255,184,28,0,0,2010,76416,80,9,99,40,0,0,0,,,0,0,0,0,0
2020,15,Miami,Dolphins,MIA,1,1,2832,0,142,151,252,76,2,0,0,2016,64767,216,4,99,25,0,0,0,,,0,0,0,0,0
2020,16,Minnesota,Vikings,MIN,2,2,9342,79,38,131,255,198,47,1,1,2016,66860,131,10,99,0,0,0,0,,,0,0,0,0,0
2020,17,New England,Patriots,NE,1,1,7298,0,34,68,176,183,188,0,1,2002,65878,89,8,98,0,0,0,0,,,0,0,0,0,0
2020,18,New Orleans,Saints,NO,2,3,7053,162,141,91,16,24,31,1,1,2011,73208,137,7,99,30,0,0,0,,,0,0,0,0,0
2020,19,New York,Giants,NYG,2,1,12124,1,35,82,163,13,45,0,1,2010,82500,218,9,93,0,0,0,0,,,0,0,0,0,0
2020,20,New York,Jets,NYJ,1,1,12124,18,87,64,0,0,0,0,1,2010,82500,218,9,94,0,0,0,0,,,0,0,0,0,0
2020,21,Las Vegas,Raiders,LV,1,4,21050,0,0,0,165,172,175,1,0,2020,65000,128,10,99,0,0,0,0,,,0,0,0,0,0
2020,22,Philadelphia,Eagles,PHI,2,1,16242,0,76,84,165,172,175,0,2,2003,69796,172,9,99,0,0,0,0,,,0,0,0,0,0
2020,23,Pittsburgh,Steelers,PIT,1,2,16249,16,24,32,255,182,18,0,0,2001,68400,129,9,92,0,0,0,0,,,0,0,0,0,0
2020,24,Los Angeles,Chargers,LAC,1,4,1505,0,128,198,255,194,14,1,1,2020,70240,260,10,99,0,0,0,0,,,0,0,0,0,0
2020,25,Seattle,Seahawks,SEA,2,4,19869,0,34,68,105,190,40,0,1,2002,68740,82,9,99,0,0,0,0,,,0,0,0,0,0
2020,26,San Francisco,49ers,SF,2,4,1890,170,0,0,173,153,93,0,0,2014,68500,174,10,99,0,0,0,0,,,0,0,0,0,0
2020,27,Los Angeles,Guardians,LAG,2,4,1505,0,53,148,255,163,0,1,1,2020,70240,260,10,92,0,0,0,0,,,0,0,0,0,0
2020,28,Tampa Bay,Buccaneers,TB,2,3,2957,213,10,10,255,121,0,0,0,1998,65618,197,7,82,0,0,0,0,,,0,0,0,0,0
2020,29,Tennessee,Titans,TEN,1,3,17445,12,35,64,75,146,219,0,0,1999,69143,156,7,93,0,0,0,0,,,0,0,0,0,0
2020,30,Washington,Commanders,WAS,2,1,21049,63,16,16,255,182,18,0,0,1997,82000,243,5,74,10,0,0,0,,,0,0,0,0,0
2020,31,Cleveland,Browns,CLE,1,2,14092,49,29,0,255,60,0,0,0,1999,67431,143,8,96,0,0,0,0,,,0,0,0,0,0
2020,32,Houston,Texans,HOU,1,3,18061,3,32,47,167,25,48,2,1,2002,72220,165,9,99,0,0,0,0,,,0,0,0,0,0
2021,1,Arizona,Cardinals,ARI,2,4,993,151,35,63,255,182,18,2,0,2006,63400,88,9,97,0,0,0,0,,,0,0,0,0,0
2021,2,Atlanta,Falcons,ATL,2,3,3023,167,25,48,165,172,175,2,1,2017,71000,180,10,99,0,0,0,0,,,0,0,0,0,0
2021,3,Baltimore,Ravens,BAL,1,2,7609,26,25,95,158,124,12,0,0,1998,70745,108,8,99,0,0,0,0,,,0,0,0,0,0
2021,4,Buffalo,Bills,BUF,1,1,13539,0,51,141,198,12,48,0,1,1973,71608,164,6,91,40,0,0,0,,,0,0,0,0,0
2021,5,Carolina,Panthers,CAR,2,3,10832,0,133,202,191,192,191,0,1,1996,74867,158,9,97,10,0,0,0,,,0,0,0,0,0
2021,6,Chicago,Bears,CHI,2,2,4552,11,22,42,200,56,3,0,0,2003,61500,133,8,99,0,0,0,0,,,0,0,0,0,0
2021,7,Cincinnati,Bengals,CIN,1,2,14086,251,79,20,0,0,0,0,1,2000,65515,114,6,77,0,0,0,0,,,0,0,0,0,0
2021,8,Dallas,Cowboys,DAL,2,1,17648,0,34,68,255,255,255,2,1,2009,80000,243,10,99,0,0,0,0,,,0,0,0,0,0
2021,9,Denver,Broncos,DEN,1,4,2139,0,34,68,251,79,20,0,0,2001,76125,106,8,99,0,0,0,0,,,0,0,0,0,0
2021,10,Detroit,Lions,DET,2,2,8418,0,118,182,176,183,188,1,1,2002,65000,120,8,96,0,0,0,0,,,0,0,0,0,0
2021,11,Green Bay,Packers,GB,2,2,20173,24,48,40,255,184,28,0,2,2015,81441,168,10,95,20,0,0,0,,,0,0,0,0,0
2021,12,Indianapolis,Colts,IND,1,3,5601,0,44,95,255,255,255,2,1,2008,67000,149,9,88,0,0,0,0,,,0,0,0,0,0
2021,13,Jacksonville,Jaguars,JAX,1,3,2767,0,103,120,215,162,42,0,0,1995,67814,75,8,98,0,0,0,0,,,0,0,0,0,0
2021,14,Kansas City,Chiefs,KC,1,4,9892,227,24,55,255,184,28,0,0,2010,76416,80,9,99,20,0,0,0,,,0,0,0,0,0
2021,15,Miami,Dolphins,MIA,1,1,2832,0,142,151,252,76,2,0,0,2016,64767,216,4,99,20,0,0,0,,,0,0,0,0,0
2021,16,Minnesota,Vikings,MIN,2,2,9342,79,38,131,255,198,47,1,1,2016,66860,131,10,99,0,0,0,0,,,0,0,0,0,0
2021,17,New England,Patriots,NE,1,1,7298,0,34,68,176,183,188,0,1,2002,65878,89,8,98,0,0,0,0,,,0,0,0,0,0
2021,18,New Orleans,Saints,NO,2,3,7053,162,141,91,16,24,31,1,1,2011,73208,137,7,99,20,0,0,0,,,0,0,0,0,0
2021,19,New York,Giants,NYG,2,1,12124,1,35,82,163,13,45,0,1,2010,82500,218,9,93,0,0,0,0,,,0,0,0,0,0
2021,20,New York,Jets,NYJ,1,1,12124,18,87,64,0,0,0,0,1,2010,82500,218,9,94,0,0,0,0,,,0,0,0,0,0
2021,21,Las Vegas,Raiders,LV,1,4,21050,0,0,0,165,172,175,1,0,2020,65000,128,10,99,0,0,0,0,,,0,0,0,0,0
2021,22,Philadelphia,Eagles,PHI,2,1,16242,0,76,84,165,172,175,0,2,2003,69796,172,9,99,0,0,0,0,,,0,0,0,0,0
2021,23,Pittsburgh,Steelers,PIT,1,2,16249,16,24,32,255,182,18,0,0,2001,68400,129,9,92,0,0,0,0,,,0,0,0,0,0
2021,24,Los Angeles,Chargers,LAC,1,4,1505,0,128,198,255,194,14,1,1,2020,70240,260,10,99,0,0,0,0,,,0,0,0,0,0
2021,25,Seattle,Seahawks,SEA,2,4,19869,0,34,68,105,190,40,0,1,2002,68740,82,9,99,0,0,0,0,,,0,0,0,0,0
2021,26,San Francisco,49ers,SF,2,4,1890,170,0,0,173,153,93,0,0,2014,68500,174,10,99,0,0,0,0,,,0,0,0,0,0
2021,27,Los Angeles,Guardians,LAG,2,4,1505,0,53,148,255,163,0,1,1,2020,70240,260,10,92,0,0,0,0,,,0,0,0,0,0
2021,28,Tampa Bay,Buccaneers,TB,2,3,2957,213,10,10,255,121,0,0,0,1998,65618,197,7,82,0,0,0,0,,,0,0,0,0,0
2021,29,Tennessee,Titans,TEN,1,3,17445,12,35,64,75,146,219,0,0,1999,69143,156,7,93,0,0,0,0,,,0,0,0,0,0
2021,30,Washington,Commanders,WAS,2,1,21049,63,16,16,255,182,18,0,0,1997,82000,243,5,74,25,0,0,0,,,0,0,0,0,0
2021,31,Cleveland,Browns,CLE,1,2,14092,49,29,0,255,60,0,0,0,1999,67431,143,8,96,0,0,0,0,,,0,0,0,0,0
2021,32,Houston,Texans,HOU,1,3,18061,3,32,47,167,25,48,2,1,2002,72220,165,9,99,0,0,0,0,,,0,0,0,0,0
2022,1,Arizona,Cardinals,ARI,2,4,993,151,35,63,255,182,18,2,0,2006,63400,88,8,96,0,0,0,0,,,0,0,0,0,0
2022,2,Atlanta,Falcons,ATL,2,3,3023,167,25,48,165,172,175,2,1,2017,71000,180,10,90,0,0,0,0,,,0,0,0,0,0
2022,3,Baltimore,Ravens,BAL,1,2,7609,26,25,95,158,124,12,0,0,1998,70745,108,8,99,0,0,0,0,,,0,0,0,0,0
2022,4,Buffalo,Bills,BUF,1,1,13539,0,51,141,198,12,48,0,1,1973,71608,164,6,95,40,0,0,0,,,0,0,0,0,0
2022,5,Carolina,Panthers,CAR,2,3,10832,0,133,202,191,192,191,0,1,1996,74867,158,9,98,10,0,0,0,,,0,0,0,0,0
2022,6,Chicago,Bears,CHI,2,2,4552,11,22,42,200,56,3,0,0,2003,61500,133,8,99,0,0,0,0,,,0,0,0,0,0
2022,7,Cincinnati,Bengals,CIN,1,2,14086,251,79,20,0,0,0,0,1,2000,65515,114,6,92,0,0,0,0,,,0,0,0,0,0
2022,8,Dallas,Cowboys,DAL,2,1,17648,0,34,68,255,255,255,2,1,2009,80000,243,10,93,0,0,0,0,,,0,0,0,0,0
2022,9,Denver,Broncos,DEN,1,4,2139,0,34,68,251,79,20,0,0,2001,76125,106,8,99,0,0,0,0,,,0,0,0,0,0
2022,10,Detroit,Lions,DET,2,2,8418,0,118,182,176,183,188,1,1,2002,65000,120,8,80,0,0,0,0,,,0,0,0,0,0
2022,11,Green Bay,Packers,GB,2,2,20173,24,48,40,255,184,28,0,2,2015,81441,168,10,96,20,0,0,0,,,0,0,0,0,0
2022,12,Indianapolis,Colts,IND,1,3,5601,0,44,95,255,255,255,2,1,2008,67000,149,8,99,0,0,0,0,,,0,0,0,0,0
2022,13,Jacksonville,Jaguars,JAX,1,3,2767,0,103,120,215,162,42,0,0,1995,67814,75,8,89,0,0,0,0,,,0,0,0,0,0
2022,14,Kansas City,Chiefs,KC,1,4,9892,227,24,55,255,184,28,0,0,2010,76416,80,9,99,20,0,0,0,,,0,0,0,0,0
2022,15,Miami,Dolphins,MIA,1,1,2832,0,142,151,252,76,2,0,0,2016,64767,216,4,99,20,0,0,0,,,0,0,0,0,0
2022,16,Minnesota,Vikings,MIN,2,2,9342,79,38,131,255,198,47,1,1,2016,66860,131,10,99,0,0,0,0,,,0,0,0,0,0
2022,17,New England,Patriots,NE,1,1,7298,0,34,68,176,183,188,0,1,2002,65878,89,8,99,0,0,0,0,,,0,0,0,0,0
2022,18,New Orleans,Saints,NO,2,3,7053,162,141,91,16,24,31,1,1,2011,73208,137,7,95,20,0,0,0,,,0,0,0,0,0
2022,19,New York,Giants,NYG,2,1,12124,1,35,82,163,13,45,0,1,2010,82500,218,9,90,0,0,0,0,,,0,0,0,0,0
2022,20,New York,Jets,NYJ,1,1,12124,18,87,64,0,0,0,0,1,2010,82500,218,9,87,0,0,0,0,,,0,0,0,0,0
2022,21,Las Vegas,Raiders,LV,1,4,21050,0,0,0,165,172,175,1,0,2020,65000,128,10,94,0,0,0,0,,,0,0,0,0,0
2022,22,Philadelphia,Eagles,PHI,2,1,16242,0,76,84,165,172,175,0,2,2003,69796,172,8,99,0,0,0,0,,,0,0,0,0,0
2022,23,Pittsburgh,Steelers,PIT,1,2,16249,16,24,32,255,182,18,0,0,2001,68400,129,9,88,0,0,0,0,,,0,0,0,0,0
2022,24,Los Angeles,Chargers,LAC,1,4,1505,0,128,198,255,194,14,1,1,2020,70240,260,10,98,0,0,0,0,,,0,0,0,0,0
2022,25,Seattle,Seahawks,SEA,2,4,19869,0,34,68,105,190,40,0,1,2002,68740,82,8,99,0,0,0,0,,,0,0,0,0,0
2022,26,San Francisco,49ers,SF,2,4,1890,170,0,0,173,153,93,0,0,2014,68500,174,10,97,0,0,0,0,,,0,0,0,0,0
2022,27,Los Angeles,Guardians,LAG,2,4,1505,0,53,148,255,163,0,1,1,2020,70240,260,10,99,0,0,0,0,,,0,0,0,0,0
2022,28,Tampa Bay,Buccaneers,TB,2,3,2957,213,10,10,255,121,0,0,0,1998,65618,197,7,99,0,0,0,0,,,0,0,0,0,0
2022,29,Tennessee,Titans,TEN,1,3,17445,12,35,64,75,146,219,0,0,1999,69143,156,6,99,0,0,0,0,,,0,0,0,0,0
2022,30,Washington,Commanders,WAS,2,1,21049,63,16,16,255,182,18,0,0,1997,82000,243,5,64,25,0,0,0,,,0,0,0,0,0
2022,31,Cleveland,Browns,CLE,1,2,14092,49,29,0,255,60,0,0,0,1999,67431,143,8,99,0,0,0,0,,,0,0,0,0,0
2022,32,Houston,Texans,HOU,1,3,18061,3,32,47,167,25,48,2,1,2002,72220,165,9,93,0,0,0,0,,,0,0,0,0,0
2023,1,Arizona,Cardinals,ARI,2,4,993,151,35,63,255,182,18,2,0,2006,63400,88,8,99,0,0,0,0,,,0,0,0,0,0
2023,2,Atlanta,Falcons,ATL,2,3,3023,167,25,48,165,172,175,2,1,2017,71000,180,10,93,0,0,0,0,,,0,0,0,0,0
2023,3,Baltimore,Ravens,BAL,1,2,7609,26,25,95,158,124,12,0,0,1998,70745,108,8,99,0,0,0,0,,,0,0,0,0,0
2023,4,Buffalo,Bills,BUF,1,1,13539,0,51,141,198,12,48,0,1,1973,71608,164,6,96,0,1,2026,13539,,,0,0,63000,190,200
2023,5,Carolina,Panthers,CAR,2,3,10832,0,133,202,191,192,191,0,1,1996,74867,158,9,97,10,0,0,0,,,0,0,0,0,0
2023,6,Chicago,Bears,CHI,2,2,4552,11,22,42,200,56,3,0,0,2003,61500,133,8,97,0,0,0,0,,,0,0,0,0,0
2023,7,Cincinnati,Bengals,CIN,1,2,14086,251,79,20,0,0,0,0,1,2000,65515,114,6,99,0,0,0,0,,,0,0,0,0,0
2023,8,Dallas,Cowboys,DAL,2,1,17648,0,34,68,255,255,255,2,1,2009,80000,243,9,94,0,0,0,0,,,0,0,0,0,0
2023,9,Denver,Broncos,DEN,1,4,2139,0,34,68,251,79,20,0,0,2001,76125,106,7,99,0,0,0,0,,,0,0,0,0,0
2023,10,Detroit,Lions,DET,2,2,8418,0,118,182,176,183,188,1,1,2002,65000,120,8,98,0,0,0,0,,,0,0,0,0,0
2023,11,Green Bay,Packers,GB,2,2,20173,24,48,40,255,184,28,0,2,2015,81441,168,10,97,20,0,0,0,,,0,0,0,0,0
2023,12,Indianapolis,Colts,IND,1,3,5601,0,44,95,255,255,255,2,1,2008,67000,149,8,99,0,0,0,0,,,0,0,0,0,0
2023,13,Jacksonville,Jaguars,JAX,1,3,2767,0,103,120,215,162,42,0,0,1995,67814,75,8,98,0,0,0,0,,,0,0,0,0,0
2023,14,Kansas City,Chiefs,KC,1,4,9892,227,24,55,255,184,28,0,0,2010,76416,80,9,99,20,0,0,0,,,0,0,0,0,0
2023,15,Miami,Dolphins,MIA,1,1,2832,0,142,151,252,76,2,0,0,2016,64767,216,4,99,20,0,0,0,,,0,0,0,0,0
2023,16,Minnesota,Vikings,MIN,2,2,9342,79,38,131,255,198,47,1,1,2016,66860,131,10,99,0,0,0,0,,,0,0,0,0,0
2023,17,New England,Patriots,NE,1,1,7298,0,34,68,176,183,188,0,1,2002,65878,89,8,99,0,0,0,0,,,0,0,0,0,0
2023,18,New Orleans,Saints,NO,2,3,7053,162,141,91,16,24,31,1,1,2011,73208,137,7,96,20,0,0,0,,,0,0,0,0,0
2023,19,New York,Giants,NYG,2,1,12124,1,35,82,163,13,45,0,1,2010,82500,218,9,93,0,0,0,0,,,0,0,0,0,0
2023,20,New York,Jets,NYJ,1,1,12124,18,87,64,0,0,0,0,1,2010,82500,218,9,95,0,0,0,0,,,0,0,0,0,0
2023,21,Las Vegas,Raiders,LV,1,4,21050,0,0,0,165,172,175,1,0,2020,65000,128,10,96,0,0,0,0,,,0,0,0,0,0
2023,22,Philadelphia,Eagles,PHI,2,1,16242,0,76,84,165,172,175,0,2,2003,69796,172,8,99,0,0,0,0,,,0,0,0,0,0
2023,23,Pittsburgh,Steelers,PIT,1,2,16249,16,24,32,255,182,18,0,0,2001,68400,129,8,97,0,0,0,0,,,0,0,0,0,0
2023,24,Los Angeles,Chargers,LAC,1,4,1505,0,128,198,255,194,14,1,1,2020,70240,260,10,98,0,0,0,0,,,0,0,0,0,0
2023,25,Seattle,Seahawks,SEA,2,4,19869,0,34,68,105,190,40,0,1,2002,68740,82,8,99,0,0,0,0,,,0,0,0,0,0
2023,26,San Francisco,49ers,SF,2,4,1890,170,0,0,173,153,93,0,0,2014,68500,174,10,99,0,0,0,0,,,0,0,0,0,0
2023,27,Los Angeles,Guardians,LAG,2,4,1505,0,53,148,255,163,0,1,1,2020,70240,260,10,99,0,0,0,0,,,0,0,0,0,0
2023,28,Tampa Bay,Buccaneers,TB,2,3,2957,213,10,10,255,121,0,0,0,1998,65618,197,7,99,10,0,0,0,,,0,0,0,0,0
2023,29,Tennessee,Titans,TEN,1,3,17445,12,35,64,75,146,219,0,0,1999,69143,156,6,99,0,1,2026,17445,,,1,1,60000,220,250
2023,30,Washington,Commanders,WAS,2,1,21049,63,16,16,255,182,18,0,0,1997,82000,243,5,86,25,0,0,0,,,0,0,0,0,0
2023,31,Cleveland,Browns,CLE,1,2,14092,49,29,0,255,60,0,0,0,1999,67431,143,7,99,0,0,0,0,,,0,0,0,0,0
2023,32,Houston,Texans,HOU,1,3,18061,3,32,47,167,25,48,2,1,2002,72220,165,9,94,0,0,0,0,,,0,0,0,0,0
2024,1,Arizona,Cardinals,ARI,2,4,993,151,35,63,255,182,18,2,0,2006,63400,88,8,98,0,0,0,0,,,0,0,0,0,0
2024,2,Atlanta,Falcons,ATL,2,3,3023,167,25,48,165,172,175,2,1,2017,71000,180,10,93,0,0,0,0,,,0,0,0,0,0
2024,3,Baltimore,Ravens,BAL,1,2,7609,26,25,95,158,124,12,0,0,1998,70745,108,8,99,0,0,0,0,,,0,0,0,0,0
2024,4,Buffalo,Bills,BUF,1,1,13539,0,51,141,198,12,48,0,1,1973,71608,164,6,98,0,1,2026,13539,,,0,0,63000,190,200
2024,5,Carolina,Panthers,CAR,2,3,10832,0,133,202,191,192,191,0,1,1996,74867,158,9,95,10,0,0,0,,,0,0,0,0,0
2024,6,Chicago,Bears,CHI,2,2,4552,11,22,42,200,56,3,0,0,2003,61500,133,8,97,25,0,0,0,,,0,0,0,0,0
2024,7,Cincinnati,Bengals,CIN,1,2,14086,251,79,20,0,0,0,0,1,2000,65515,114,6,99,0,0,0,0,,,0,0,0,0,0
2024,8,Dallas,Cowboys,DAL,2,1,17648,0,34,68,255,255,255,2,1,2009,80000,243,9,96,0,0,0,0,,,0,0,0,0,0
2024,9,Denver,Broncos,DEN,1,4,2139,0,34,68,251,79,20,0,0,2001,76125,106,7,99,0,0,0,0,,,0,0,0,0,0
2024,10,Detroit,Lions,DET,2,2,8418,0,118,182,176,183,188,1,1,2002,65000,120,8,98,0,0,0,0,,,0,0,0,0,0
2024,11,Green Bay,Packers,GB,2,2,20173,24,48,40,255,184,28,0,2,2015,81441,168,10,95,20,0,0,0,,,0,0,0,0,0
2024,12,Indianapolis,Colts,IND,1,3,5601,0,44,95,255,255,255,2,1,2008,67000,149,8,99,0,0,0,0,,,0,0,0,0,0
2024,13,Jacksonville,Jaguars,JAX,1,3,2767,0,103,120,215,162,42,0,0,1995,67814,75,8,98,0,0,0,0,,,0,0,0,0,0
2024,14,Kansas City,Chiefs,KC,1,4,9892,227,24,55,255,184,28,0,0,2010,76416,80,9,99,20,0,0,0,,,0,0,0,0,0
2024,15,Miami,Dolphins,MIA,1,1,2832,0,142,151,252,76,2,0,0,2016,64767,216,4,99,20,0,0,0,,,0,0,0,0,0
2024,16,Minnesota,Vikings,MIN,2,2,9342,79,38,131,255,198,47,1,1,2016,66860,131,10,96,0,0,0,0,,,0,0,0,0,0
2024,17,New England,Patriots,NE,1,1,7298,0,34,68,176,183,188,0,1,2002,65878,89,8,99,0,0,0,0,,,0,0,0,0,0
2024,18,New Orleans,Saints,NO,2,3,7053,162,141,91,16,24,31,1,1,2011,73208,137,7,93,20,0,0,0,,,0,0,0,0,0
2024,19,New York,Giants,NYG,2,1,12124,1,35,82,163,13,45,0,1,2010,82500,218,9,92,0,0,0,0,,,0,0,0,0,0
2024,20,New York,Jets,NYJ,1,1,12124,18,87,64,0,0,0,0,1,2010,82500,218,9,96,0,0,0,0,,,0,0,0,0,0
2024,21,Las Vegas,Raiders,LV,1,4,21050,0,0,0,165,172,175,1,0,2020,65000,128,10,97,0,0,0,0,,,0,0,0,0,0
2024,22,Philadelphia,Eagles,PHI,2,1,16242,0,76,84,165,172,175,0,2,2003,69796,172,8,99,0,0,0,0,,,0,0,0,0,0
2024,23,Pittsburgh,Steelers,PIT,1,2,16249,16,24,32,255,182,18,0,0,2001,68400,129,8,98,0,0,0,0,,,0,0,0,0,0
2024,24,Los Angeles,Chargers,LAC,1,4,1505,0,128,198,255,194,14,1,1,2020,70240,260,10,99,0,0,0,0,,,0,0,0,0,0
2024,25,Seattle,Seahawks,SEA,2,4,19869,0,34,68,105,190,40,0,1,2002,68740,82,8,99,0,0,0,0,,,0,0,0,0,0
2024,26,San Francisco,49ers,SF,2,4,1890,170,0,0,173,153,93,0,0,2014,68500,174,10,99,0,0,0,0,,,0,0,0,0,0
2024,27,Los Angeles,Guardians,LAG,2,4,1505,0,53,148,255,163,0,1,1,2020,70240,260,10,99,0,0,0,0,,,0,0,0,0,0
2024,28,Tampa Bay,Buccaneers,TB,2,3,2957,213,10,10,255,121,0,0,0,1998,65618,197,7,98,10,0,0,0,,,0,0,0,0,0
2024,29,Tennessee,Titans,TEN,1,3,17445,12,35,64,75,146,219,0,0,1999,69143,156,6,96,0,1,2026,17445,,,1,1,60000,220,250
2024,30,Washington,Commanders,WAS,2,1,21049,63,16,16,255,182,18,0,0,1997,82000,243,5,83,25,0,0,0,,,0,0,0,0,0
2024,31,Cleveland,Browns,CLE,1,2,14092,49,29,0,255,60,0,0,0,1999,67431,143,7,99,0,0,0,0,,,0,0,0,0,0
2024,32,Houston,Texans,HOU,1,3,18061,3,32,47,167,25,48,2,1,2002,72220,165,9,96,0,0,0,0,,,0,0,0,0,0
